Country,asylum,border crossing,citizenship,emigrate,expatriate,foreign worker,green card,immigrate,immigration,migrate,move abroad,permanent residency,refugee,relocation,visa application,work permit,population,Total_per_capita
St. Helena,0.000000000000000000,0.000000000000000000,0.000000000000000000,0.000000000000000000,0.000000000000000000,0.000000000000000000,0.000000000000000000,0.000000000000000000,0.000000000000000000,0.000000000000000000,0.000000000000000000,0.000000000000000000,0.000000000000000000,70.000000000000000000,0.000000000000000000,0.000000000000000000,4439.000000000000000000,0.015769317413831946
Cayman Islands,0.000000000000000000,0.000000000000000000,0.000000000000000000,0.000000000000000000,0.000000000000000000,0.000000000000000000,0.000000000000000000,0.000000000000000000,0.000000000000000000,0.000000000000000000,0.000000000000000000,100.000000000000000000,0.000000000000000000,0.000000000000000000,0.000000000000000000,100.000000000000000000,69885.000000000000000000,0.002861844458753667
Fiji,0.000000000000000000,0.000000000000000000,0.000000000000000000,0.000000000000000000,0.000000000000000000,0.000000000000000000,0.000000000000000000,0.000000000000000000,100.000000000000000000,0.000000000000000000,0.000000000000000000,0.000000000000000000,0.000000000000000000,0.000000000000000000,100.000000000000000000,0.000000000000000000,943072.000000000000000000,0.000212072885209189
Maldives,0.000000000000000000,0.000000000000000000,0.000000000000000000,0.000000000000000000,8.000000000000000000,0.000000000000000000,0.000000000000000000,0.000000000000000000,53.000000000000000000,0.000000000000000000,0.000000000000000000,0.000000000000000000,0.000000000000000000,0.000000000000000000,0.000000000000000000,32.000000000000000000,517887.000000000000000000,0.000179575853419761
Cyprus,90.000000000000000000,31.000000000000000000,0.000000000000000000,0.000000000000000000,0.000000000000000000,0.000000000000000000,0.000000000000000000,0.000000000000000000,10.000000000000000000,0.000000000000000000,28.000000000000000000,11.000000000000000000,18.000000000000000000,0.000000000000000000,0.000000000000000000,5.000000000000000000,1268467.000000000000000000,0.000152152164778429
Bahrain,0.000000000000000000,0.000000000000000000,0.000000000000000000,59.000000000000000000,100.000000000000000000,0.000000000000000000,0.000000000000000000,0.000000000000000000,0.000000000000000000,0.000000000000000000,0.000000000000000000,0.000000000000000000,0.000000000000000000,0.000000000000000000,21.000000000000000000,14.000000000000000000,1498712.000000000000000000,0.000129444482996066
Jamaica,0.000000000000000000,0.000000000000000000,64.000000000000000000,53.000000000000000000,1.000000000000000000,3.000000000000000000,22.000000000000000000,60.000000000000000000,17.000000000000000000,29.000000000000000000,0.000000000000000000,10.000000000000000000,0.000000000000000000,0.000000000000000000,62.000000000000000000,20.000000000000000000,2824738.000000000000000000,0.000120719160502673
Mauritius,0.000000000000000000,0.000000000000000000,0.000000000000000000,0.000000000000000000,2.000000000000000000,0.000000000000000000,0.000000000000000000,100.000000000000000000,0.000000000000000000,0.000000000000000000,0.000000000000000000,0.000000000000000000,0.000000000000000000,0.000000000000000000,0.000000000000000000,47.000000000000000000,1262292.000000000000000000,0.000118039249238686
Bahamas,0.000000000000000000,0.000000000000000000,0.000000000000000000,0.000000000000000000,0.000000000000000000,0.000000000000000000,0.000000000000000000,0.000000000000000000,0.000000000000000000,0.000000000000000000,0.000000000000000000,19.000000000000000000,0.000000000000000000,0.000000000000000000,29.000000000000000000,0.000000000000000000,415223.000000000000000000,0.000115600532725788
Qatar,0.000000000000000000,0.000000000000000000,37.000000000000000000,50.000000000000000000,2.000000000000000000,3.000000000000000000,10.000000000000000000,36.000000000000000000,21.000000000000000000,15.000000000000000000,0.000000000000000000,15.000000000000000000,9.000000000000000000,0.000000000000000000,38.000000000000000000,18.000000000000000000,2737061.000000000000000000,0.000092800270070707
Trinidad & Tobago,0.000000000000000000,0.000000000000000000,0.000000000000000000,0.000000000000000000,0.000000000000000000,0.000000000000000000,0.000000000000000000,44.000000000000000000,16.000000000000000000,26.000000000000000000,0.000000000000000000,7.000000000000000000,0.000000000000000000,0.000000000000000000,39.000000000000000000,9.000000000000000000,1538200.000000000000000000,0.000091665583149135
New Zealand,36.000000000000000000,6.000000000000000000,72.000000000000000000,35.000000000000000000,0.000000000000000000,0.000000000000000000,4.000000000000000000,23.000000000000000000,50.000000000000000000,18.000000000000000000,16.000000000000000000,32.000000000000000000,22.000000000000000000,100.000000000000000000,13.000000000000000000,2.000000000000000000,5262079.000000000000000000,0.000081526712160726
Singapore,36.000000000000000000,7.000000000000000000,57.000000000000000000,28.000000000000000000,1.000000000000000000,100.000000000000000000,5.000000000000000000,15.000000000000000000,8.000000000000000000,27.000000000000000000,12.000000000000000000,7.000000000000000000,8.000000000000000000,77.000000000000000000,19.000000000000000000,59.000000000000000000,5953785.000000000000000000,0.000078269537781428
Ireland,93.000000000000000000,4.000000000000000000,51.000000000000000000,53.000000000000000000,0.000000000000000000,0.000000000000000000,5.000000000000000000,12.000000000000000000,6.000000000000000000,11.000000000000000000,68.000000000000000000,3.000000000000000000,23.000000000000000000,23.000000000000000000,9.000000000000000000,8.000000000000000000,5294808.000000000000000000,0.000069690912305035
Guyana,0.000000000000000000,0.000000000000000000,0.000000000000000000,0.000000000000000000,0.000000000000000000,0.000000000000000000,0.000000000000000000,0.000000000000000000,0.000000000000000000,0.000000000000000000,0.000000000000000000,0.000000000000000000,0.000000000000000000,0.000000000000000000,40.000000000000000000,0.000000000000000000,819594.000000000000000000,0.000048804652059434
Malta,0.000000000000000000,0.000000000000000000,0.000000000000000000,0.000000000000000000,0.000000000000000000,0.000000000000000000,0.000000000000000000,0.000000000000000000,0.000000000000000000,0.000000000000000000,0.000000000000000000,0.000000000000000000,0.000000000000000000,0.000000000000000000,0.000000000000000000,26.000000000000000000,554617.000000000000000000,0.000046879197716622
Lebanon,0.000000000000000000,0.000000000000000000,25.000000000000000000,30.000000000000000000,0.000000000000000000,0.000000000000000000,0.000000000000000000,86.000000000000000000,11.000000000000000000,0.000000000000000000,0.000000000000000000,5.000000000000000000,17.000000000000000000,0.000000000000000000,14.000000000000000000,0.000000000000000000,5219044.000000000000000000,0.000036021922788925
United Arab Emirates,22.000000000000000000,12.000000000000000000,56.000000000000000000,35.000000000000000000,1.000000000000000000,1.000000000000000000,7.000000000000000000,28.000000000000000000,24.000000000000000000,22.000000000000000000,16.000000000000000000,6.000000000000000000,8.000000000000000000,38.000000000000000000,33.000000000000000000,23.000000000000000000,9591853.000000000000000000,0.000034612707263133
Brunei,0.000000000000000000,0.000000000000000000,0.000000000000000000,0.000000000000000000,0.000000000000000000,15.000000000000000000,0.000000000000000000,0.000000000000000000,0.000000000000000000,0.000000000000000000,0.000000000000000000,0.000000000000000000,0.000000000000000000,0.000000000000000000,0.000000000000000000,0.000000000000000000,455858.000000000000000000,0.000032904983569445
Gambia,0.000000000000000000,0.000000000000000000,0.000000000000000000,0.000000000000000000,0.000000000000000000,0.000000000000000000,0.000000000000000000,0.000000000000000000,0.000000000000000000,0.000000000000000000,0.000000000000000000,0.000000000000000000,0.000000000000000000,0.000000000000000000,92.000000000000000000,0.000000000000000000,2841803.000000000000000000,0.000032373813385375
Hong Kong,16.000000000000000000,3.000000000000000000,16.000000000000000000,32.000000000000000000,0.000000000000000000,1.000000000000000000,3.000000000000000000,27.000000000000000000,15.000000000000000000,14.000000000000000000,8.000000000000000000,4.000000000000000000,7.000000000000000000,45.000000000000000000,11.000000000000000000,3.000000000000000000,7538601.000000000000000000,0.000027193374473593
Kuwait,0.000000000000000000,0.000000000000000000,0.000000000000000000,30.000000000000000000,1.000000000000000000,0.000000000000000000,0.000000000000000000,20.000000000000000000,6.000000000000000000,0.000000000000000000,0.000000000000000000,3.000000000000000000,0.000000000000000000,0.000000000000000000,12.000000000000000000,8.000000000000000000,4349380.000000000000000000,0.000018393426189480
Oman,0.000000000000000000,0.000000000000000000,0.000000000000000000,38.000000000000000000,1.000000000000000000,0.000000000000000000,0.000000000000000000,15.000000000000000000,0.000000000000000000,0.000000000000000000,0.000000000000000000,3.000000000000000000,0.000000000000000000,0.000000000000000000,14.000000000000000000,8.000000000000000000,4713553.000000000000000000,0.000016760180695963
Norway,19.000000000000000000,3.000000000000000000,10.000000000000000000,9.000000000000000000,0.000000000000000000,0.000000000000000000,0.000000000000000000,5.000000000000000000,1.000000000000000000,8.000000000000000000,8.000000000000000000,1.000000000000000000,6.000000000000000000,7.000000000000000000,1.000000000000000000,0.000000000000000000,5558215.000000000000000000,0.000014033282267778
Australia,64.000000000000000000,16.000000000000000000,81.000000000000000000,23.000000000000000000,0.000000000000000000,0.000000000000000000,4.000000000000000000,14.000000000000000000,10.000000000000000000,18.000000000000000000,12.000000000000000000,21.000000000000000000,28.000000000000000000,64.000000000000000000,8.000000000000000000,4.000000000000000000,26889126.000000000000000000,0.000013648639974390
North Macedonia,0.000000000000000000,24.000000000000000000,0.000000000000000000,0.000000000000000000,0.000000000000000000,0.000000000000000000,0.000000000000000000,0.000000000000000000,0.000000000000000000,0.000000000000000000,0.000000000000000000,0.000000000000000000,0.000000000000000000,0.000000000000000000,0.000000000000000000,0.000000000000000000,1811631.000000000000000000,0.000013247730912090
Rwanda,0.000000000000000000,0.000000000000000000,0.000000000000000000,0.000000000000000000,0.000000000000000000,0.000000000000000000,100.000000000000000000,0.000000000000000000,0.000000000000000000,0.000000000000000000,0.000000000000000000,0.000000000000000000,55.000000000000000000,0.000000000000000000,30.000000000000000000,0.000000000000000000,14414910.000000000000000000,0.000012833933753315
Finland,17.000000000000000000,3.000000000000000000,8.000000000000000000,9.000000000000000000,0.000000000000000000,0.000000000000000000,4.000000000000000000,0.000000000000000000,1.000000000000000000,6.000000000000000000,8.000000000000000000,0.000000000000000000,3.000000000000000000,7.000000000000000000,0.000000000000000000,0.000000000000000000,5586664.000000000000000000,0.000011813848121169
Canada,39.000000000000000000,100.000000000000000000,100.000000000000000000,25.000000000000000000,0.000000000000000000,6.000000000000000000,5.000000000000000000,42.000000000000000000,21.000000000000000000,14.000000000000000000,16.000000000000000000,14.000000000000000000,27.000000000000000000,37.000000000000000000,8.000000000000000000,23.000000000000000000,40409176.000000000000000000,0.000011804249609049
Denmark,15.000000000000000000,2.000000000000000000,8.000000000000000000,7.000000000000000000,0.000000000000000000,0.000000000000000000,0.000000000000000000,4.000000000000000000,1.000000000000000000,8.000000000000000000,8.000000000000000000,1.000000000000000000,6.000000000000000000,8.000000000000000000,1.000000000000000000,1.000000000000000000,5972149.000000000000000000,0.000011721073938376
Armenia,0.000000000000000000,0.000000000000000000,0.000000000000000000,0.000000000000000000,0.000000000000000000,0.000000000000000000,29.000000000000000000,0.000000000000000000,0.000000000000000000,0.000000000000000000,0.000000000000000000,0.000000000000000000,0.000000000000000000,0.000000000000000000,0.000000000000000000,0.000000000000000000,2777979.000000000000000000,0.000010439243781180
Ghana,84.000000000000000000,0.000000000000000000,42.000000000000000000,0.000000000000000000,3.000000000000000000,4.000000000000000000,8.000000000000000000,27.000000000000000000,30.000000000000000000,15.000000000000000000,12.000000000000000000,5.000000000000000000,9.000000000000000000,20.000000000000000000,54.000000000000000000,12.000000000000000000,34777522.000000000000000000,0.000009345116653222
Switzerland,11.000000000000000000,3.000000000000000000,9.000000000000000000,7.000000000000000000,0.000000000000000000,0.000000000000000000,1.000000000000000000,2.000000000000000000,2.000000000000000000,9.000000000000000000,8.000000000000000000,0.000000000000000000,6.000000000000000000,23.000000000000000000,1.000000000000000000,1.000000000000000000,8900261.000000000000000000,0.000009325569216453
Sri Lanka,25.000000000000000000,0.000000000000000000,23.000000000000000000,12.000000000000000000,1.000000000000000000,2.000000000000000000,29.000000000000000000,19.000000000000000000,19.000000000000000000,22.000000000000000000,12.000000000000000000,5.000000000000000000,7.000000000000000000,0.000000000000000000,20.000000000000000000,7.000000000000000000,22089812.000000000000000000,0.000009189756798292
Sweden,21.000000000000000000,2.000000000000000000,9.000000000000000000,7.000000000000000000,0.000000000000000000,0.000000000000000000,2.000000000000000000,3.000000000000000000,2.000000000000000000,8.000000000000000000,8.000000000000000000,1.000000000000000000,4.000000000000000000,10.000000000000000000,1.000000000000000000,2.000000000000000000,10592565.000000000000000000,0.000007552467225832
Greece,29.000000000000000000,2.000000000000000000,4.000000000000000000,8.000000000000000000,0.000000000000000000,0.000000000000000000,0.000000000000000000,3.000000000000000000,1.000000000000000000,4.000000000000000000,8.000000000000000000,0.000000000000000000,8.000000000000000000,6.000000000000000000,0.000000000000000000,0.000000000000000000,10319099.000000000000000000,0.000007074261037713
Israel,8.000000000000000000,6.000000000000000000,8.000000000000000000,4.000000000000000000,0.000000000000000000,0.000000000000000000,2.000000000000000000,9.000000000000000000,1.000000000000000000,8.000000000000000000,0.000000000000000000,0.000000000000000000,3.000000000000000000,14.000000000000000000,1.000000000000000000,0.000000000000000000,9900172.000000000000000000,0.000006464534151528
South Africa,51.000000000000000000,7.000000000000000000,31.000000000000000000,100.000000000000000000,0.000000000000000000,0.000000000000000000,4.000000000000000000,88.000000000000000000,5.000000000000000000,13.000000000000000000,16.000000000000000000,4.000000000000000000,17.000000000000000000,27.000000000000000000,15.000000000000000000,6.000000000000000000,61020221.000000000000000000,0.000006292995890657
Kenya,32.000000000000000000,5.000000000000000000,33.000000000000000000,9.000000000000000000,2.000000000000000000,1.000000000000000000,63.000000000000000000,30.000000000000000000,12.000000000000000000,13.000000000000000000,16.000000000000000000,6.000000000000000000,45.000000000000000000,25.000000000000000000,29.000000000000000000,7.000000000000000000,56203030.000000000000000000,0.000005835984287680
Zimbabwe,0.000000000000000000,0.000000000000000000,0.000000000000000000,0.000000000000000000,0.000000000000000000,0.000000000000000000,0.000000000000000000,42.000000000000000000,0.000000000000000000,0.000000000000000000,0.000000000000000000,0.000000000000000000,0.000000000000000000,0.000000000000000000,44.000000000000000000,12.000000000000000000,17020321.000000000000000000,0.000005757823251395
United Kingdom,100.000000000000000000,4.000000000000000000,35.000000000000000000,57.000000000000000000,0.000000000000000000,0.000000000000000000,5.000000000000000000,13.000000000000000000,6.000000000000000000,12.000000000000000000,100.000000000000000000,2.000000000000000000,20.000000000000000000,28.000000000000000000,9.000000000000000000,2.000000000000000000,68556800.000000000000000000,0.000005732472927558
Portugal,11.000000000000000000,0.000000000000000000,6.000000000000000000,8.000000000000000000,0.000000000000000000,0.000000000000000000,0.000000000000000000,3.000000000000000000,0.000000000000000000,8.000000000000000000,8.000000000000000000,1.000000000000000000,3.000000000000000000,10.000000000000000000,1.000000000000000000,1.000000000000000000,10497224.000000000000000000,0.000005715796862104
Austria,12.000000000000000000,3.000000000000000000,6.000000000000000000,7.000000000000000000,0.000000000000000000,0.000000000000000000,1.000000000000000000,2.000000000000000000,0.000000000000000000,6.000000000000000000,4.000000000000000000,0.000000000000000000,3.000000000000000000,6.000000000000000000,0.000000000000000000,0.000000000000000000,9144349.000000000000000000,0.000005467857799391
Nepal,0.000000000000000000,0.000000000000000000,61.000000000000000000,0.000000000000000000,0.000000000000000000,5.000000000000000000,6.000000000000000000,10.000000000000000000,11.000000000000000000,11.000000000000000000,16.000000000000000000,4.000000000000000000,9.000000000000000000,0.000000000000000000,18.000000000000000000,15.000000000000000000,31240315.000000000000000000,0.000005313646805418
Serbia,14.000000000000000000,8.000000000000000000,0.000000000000000000,0.000000000000000000,0.000000000000000000,0.000000000000000000,3.000000000000000000,4.000000000000000000,0.000000000000000000,5.000000000000000000,0.000000000000000000,0.000000000000000000,0.000000000000000000,0.000000000000000000,0.000000000000000000,0.000000000000000000,6579187.000000000000000000,0.000005167811767624
Moldova,0.000000000000000000,0.000000000000000000,0.000000000000000000,0.000000000000000000,0.000000000000000000,0.000000000000000000,12.000000000000000000,0.000000000000000000,0.000000000000000000,0.000000000000000000,0.000000000000000000,0.000000000000000000,0.000000000000000000,0.000000000000000000,0.000000000000000000,0.000000000000000000,2397965.000000000000000000,0.000005004243181197
Uganda,0.000000000000000000,0.000000000000000000,32.000000000000000000,0.000000000000000000,1.000000000000000000,1.000000000000000000,13.000000000000000000,22.000000000000000000,12.000000000000000000,13.000000000000000000,12.000000000000000000,0.000000000000000000,100.000000000000000000,0.000000000000000000,33.000000000000000000,8.000000000000000000,49924252.000000000000000000,0.000004947495257415
Georgia,0.000000000000000000,0.000000000000000000,0.000000000000000000,0.000000000000000000,0.000000000000000000,0.000000000000000000,18.000000000000000000,0.000000000000000000,0.000000000000000000,0.000000000000000000,0.000000000000000000,0.000000000000000000,0.000000000000000000,0.000000000000000000,0.000000000000000000,0.000000000000000000,3753368.000000000000000000,0.000004795692828414
Slovenia,0.000000000000000000,10.000000000000000000,0.000000000000000000,0.000000000000000000,0.000000000000000000,0.000000000000000000,0.000000000000000000,0.000000000000000000,0.000000000000000000,0.000000000000000000,0.000000000000000000,0.000000000000000000,0.000000000000000000,0.000000000000000000,0.000000000000000000,0.000000000000000000,2119415.000000000000000000,0.000004718283111142
Papua New Guinea,0.000000000000000000,0.000000000000000000,0.000000000000000000,0.000000000000000000,0.000000000000000000,0.000000000000000000,0.000000000000000000,0.000000000000000000,0.000000000000000000,0.000000000000000000,0.000000000000000000,0.000000000000000000,0.000000000000000000,0.000000000000000000,49.000000000000000000,0.000000000000000000,10515788.000000000000000000,0.000004659660312665
Belgium,16.000000000000000000,2.000000000000000000,5.000000000000000000,5.000000000000000000,0.000000000000000000,0.000000000000000000,1.000000000000000000,2.000000000000000000,1.000000000000000000,6.000000000000000000,4.000000000000000000,0.000000000000000000,5.000000000000000000,7.000000000000000000,1.000000000000000000,0.000000000000000000,11851030.000000000000000000,0.000004640946820656
Hungary,13.000000000000000000,4.000000000000000000,0.000000000000000000,5.000000000000000000,0.000000000000000000,0.000000000000000000,0.000000000000000000,0.000000000000000000,1.000000000000000000,5.000000000000000000,4.000000000000000000,0.000000000000000000,2.000000000000000000,6.000000000000000000,0.000000000000000000,0.000000000000000000,9449423.000000000000000000,0.000004233062695997
Malaysia,21.000000000000000000,3.000000000000000000,10.000000000000000000,11.000000000000000000,2.000000000000000000,18.000000000000000000,3.000000000000000000,6.000000000000000000,8.000000000000000000,12.000000000000000000,4.000000000000000000,1.000000000000000000,10.000000000000000000,24.000000000000000000,6.000000000000000000,5.000000000000000000,34671895.000000000000000000,0.000004153219776421
Netherlands,15.000000000000000000,3.000000000000000000,7.000000000000000000,8.000000000000000000,0.000000000000000000,0.000000000000000000,1.000000000000000000,3.000000000000000000,1.000000000000000000,9.000000000000000000,8.000000000000000000,0.000000000000000000,6.000000000000000000,12.000000000000000000,1.000000000000000000,0.000000000000000000,17924550.000000000000000000,0.000004128416055075
Czechia,13.000000000000000000,3.000000000000000000,0.000000000000000000,8.000000000000000000,0.000000000000000000,0.000000000000000000,0.000000000000000000,0.000000000000000000,0.000000000000000000,7.000000000000000000,0.000000000000000000,1.000000000000000000,2.000000000000000000,6.000000000000000000,0.000000000000000000,0.000000000000000000,10878823.000000000000000000,0.000003676868352394
Bulgaria,0.000000000000000000,4.000000000000000000,0.000000000000000000,7.000000000000000000,0.000000000000000000,0.000000000000000000,0.000000000000000000,0.000000000000000000,0.000000000000000000,7.000000000000000000,4.000000000000000000,0.000000000000000000,0.000000000000000000,0.000000000000000000,0.000000000000000000,0.000000000000000000,6378654.000000000000000000,0.000003449003504501
Somalia,0.000000000000000000,0.000000000000000000,0.000000000000000000,0.000000000000000000,0.000000000000000000,0.000000000000000000,0.000000000000000000,0.000000000000000000,0.000000000000000000,0.000000000000000000,0.000000000000000000,0.000000000000000000,61.000000000000000000,0.000000000000000000,0.000000000000000000,0.000000000000000000,18706922.000000000000000000,0.000003260825057163
Jordan,0.000000000000000000,9.000000000000000000,0.000000000000000000,0.000000000000000000,0.000000000000000000,0.000000000000000000,0.000000000000000000,15.000000000000000000,0.000000000000000000,0.000000000000000000,0.000000000000000000,0.000000000000000000,9.000000000000000000,0.000000000000000000,4.000000000000000000,0.000000000000000000,11384922.000000000000000000,0.000003249912471952
Croatia,0.000000000000000000,7.000000000000000000,0.000000000000000000,0.000000000000000000,0.000000000000000000,0.000000000000000000,0.000000000000000000,0.000000000000000000,0.000000000000000000,5.000000000000000000,0.000000000000000000,0.000000000000000000,0.000000000000000000,0.000000000000000000,0.000000000000000000,0.000000000000000000,3831518.000000000000000000,0.000003131917950014
Senegal,0.000000000000000000,0.000000000000000000,0.000000000000000000,0.000000000000000000,0.000000000000000000,0.000000000000000000,36.000000000000000000,0.000000000000000000,19.000000000000000000,0.000000000000000000,0.000000000000000000,0.000000000000000000,0.000000000000000000,0.000000000000000000,0.000000000000000000,0.000000000000000000,18221567.000000000000000000,0.000003018401216536
Cameroon,0.000000000000000000,0.000000000000000000,0.000000000000000000,0.000000000000000000,0.000000000000000000,0.000000000000000000,0.000000000000000000,29.000000000000000000,30.000000000000000000,0.000000000000000000,0.000000000000000000,0.000000000000000000,18.000000000000000000,0.000000000000000000,11.000000000000000000,0.000000000000000000,29394433.000000000000000000,0.000002993764159356
Azerbaijan,0.000000000000000000,0.000000000000000000,0.000000000000000000,0.000000000000000000,0.000000000000000000,0.000000000000000000,30.000000000000000000,0.000000000000000000,0.000000000000000000,0.000000000000000000,0.000000000000000000,0.000000000000000000,0.000000000000000000,0.000000000000000000,0.000000000000000000,0.000000000000000000,10162521.000000000000000000,0.000002952023420173
Lithuania,0.000000000000000000,0.000000000000000000,0.000000000000000000,0.000000000000000000,0.000000000000000000,0.000000000000000000,0.000000000000000000,0.000000000000000000,0.000000000000000000,8.000000000000000000,0.000000000000000000,0.000000000000000000,0.000000000000000000,0.000000000000000000,0.000000000000000000,0.000000000000000000,2845566.000000000000000000,0.000002811391477126
Tunisia,0.000000000000000000,0.000000000000000000,0.000000000000000000,0.000000000000000000,0.000000000000000000,3.000000000000000000,0.000000000000000000,22.000000000000000000,10.000000000000000000,0.000000000000000000,0.000000000000000000,0.000000000000000000,0.000000000000000000,0.000000000000000000,0.000000000000000000,0.000000000000000000,12564689.000000000000000000,0.000002785584267147
Romania,14.000000000000000000,3.000000000000000000,4.000000000000000000,8.000000000000000000,0.000000000000000000,0.000000000000000000,1.000000000000000000,3.000000000000000000,0.000000000000000000,7.000000000000000000,4.000000000000000000,0.000000000000000000,1.000000000000000000,6.000000000000000000,0.000000000000000000,0.000000000000000000,18837662.000000000000000000,0.000002707342344289
Zambia,0.000000000000000000,0.000000000000000000,0.000000000000000000,0.000000000000000000,1.000000000000000000,0.000000000000000000,0.000000000000000000,0.000000000000000000,17.000000000000000000,0.000000000000000000,0.000000000000000000,0.000000000000000000,20.000000000000000000,0.000000000000000000,10.000000000000000000,0.000000000000000000,21134695.000000000000000000,0.000002271147040447
Philippines,46.000000000000000000,1.000000000000000000,63.000000000000000000,19.000000000000000000,0.000000000000000000,2.000000000000000000,3.000000000000000000,19.000000000000000000,7.000000000000000000,21.000000000000000000,12.000000000000000000,4.000000000000000000,7.000000000000000000,32.000000000000000000,13.000000000000000000,3.000000000000000000,119106224.000000000000000000,0.000002115758451045
Saudi Arabia,8.000000000000000000,1.000000000000000000,8.000000000000000000,12.000000000000000000,14.000000000000000000,0.000000000000000000,1.000000000000000000,8.000000000000000000,2.000000000000000000,3.000000000000000000,0.000000000000000000,1.000000000000000000,1.000000000000000000,5.000000000000000000,7.000000000000000000,3.000000000000000000,37473929.000000000000000000,0.000001974706201744
Ethiopia,0.000000000000000000,0.000000000000000000,97.000000000000000000,0.000000000000000000,0.000000000000000000,0.000000000000000000,0.000000000000000000,49.000000000000000000,24.000000000000000000,0.000000000000000000,0.000000000000000000,0.000000000000000000,48.000000000000000000,0.000000000000000000,30.000000000000000000,8.000000000000000000,129719719.000000000000000000,0.000001973485619407
Nigeria,52.000000000000000000,2.000000000000000000,62.000000000000000000,15.000000000000000000,2.000000000000000000,2.000000000000000000,7.000000000000000000,48.000000000000000000,23.000000000000000000,100.000000000000000000,16.000000000000000000,7.000000000000000000,9.000000000000000000,60.000000000000000000,32.000000000000000000,9.000000000000000000,229152217.000000000000000000,0.000001946304538699
Haiti,0.000000000000000000,0.000000000000000000,0.000000000000000000,0.000000000000000000,0.000000000000000000,0.000000000000000000,0.000000000000000000,0.000000000000000000,22.000000000000000000,0.000000000000000000,0.000000000000000000,0.000000000000000000,0.000000000000000000,0.000000000000000000,0.000000000000000000,0.000000000000000000,11867030.000000000000000000,0.000001853875822341
Afghanistan,0.000000000000000000,0.000000000000000000,0.000000000000000000,0.000000000000000000,0.000000000000000000,0.000000000000000000,0.000000000000000000,0.000000000000000000,0.000000000000000000,0.000000000000000000,0.000000000000000000,0.000000000000000000,47.000000000000000000,0.000000000000000000,23.000000000000000000,0.000000000000000000,43372950.000000000000000000,0.000001613909129999
Morocco,0.000000000000000000,0.000000000000000000,7.000000000000000000,15.000000000000000000,0.000000000000000000,0.000000000000000000,4.000000000000000000,17.000000000000000000,8.000000000000000000,3.000000000000000000,4.000000000000000000,0.000000000000000000,0.000000000000000000,0.000000000000000000,1.000000000000000000,0.000000000000000000,38211459.000000000000000000,0.000001544039446387
CÃ´te dâIvoire,0.000000000000000000,0.000000000000000000,0.000000000000000000,0.000000000000000000,0.000000000000000000,0.000000000000000000,30.000000000000000000,0.000000000000000000,15.000000000000000000,0.000000000000000000,0.000000000000000000,0.000000000000000000,0.000000000000000000,0.000000000000000000,0.000000000000000000,0.000000000000000000,29603302.000000000000000000,0.000001520100696875
South Korea,7.000000000000000000,1.000000000000000000,7.000000000000000000,7.000000000000000000,0.000000000000000000,0.000000000000000000,1.000000000000000000,5.000000000000000000,3.000000000000000000,6.000000000000000000,4.000000000000000000,1.000000000000000000,3.000000000000000000,25.000000000000000000,1.000000000000000000,0.000000000000000000,51630832.000000000000000000,0.000001375147315077
Taiwan,5.000000000000000000,0.000000000000000000,2.000000000000000000,5.000000000000000000,0.000000000000000000,0.000000000000000000,0.000000000000000000,4.000000000000000000,1.000000000000000000,3.000000000000000000,0.000000000000000000,0.000000000000000000,1.000000000000000000,8.000000000000000000,0.000000000000000000,1.000000000000000000,23894394.000000000000000000,0.000001255524622219
Kyrgyzstan,0.000000000000000000,0.000000000000000000,0.000000000000000000,0.000000000000000000,0.000000000000000000,0.000000000000000000,9.000000000000000000,0.000000000000000000,0.000000000000000000,0.000000000000000000,0.000000000000000000,0.000000000000000000,0.000000000000000000,0.000000000000000000,0.000000000000000000,0.000000000000000000,7212168.000000000000000000,0.000001247891064102
Slovakia,0.000000000000000000,0.000000000000000000,0.000000000000000000,0.000000000000000000,0.000000000000000000,0.000000000000000000,0.000000000000000000,0.000000000000000000,0.000000000000000000,6.000000000000000000,0.000000000000000000,0.000000000000000000,0.000000000000000000,0.000000000000000000,0.000000000000000000,0.000000000000000000,5347487.000000000000000000,0.000001122022363028
Belarus,0.000000000000000000,0.000000000000000000,0.000000000000000000,8.000000000000000000,0.000000000000000000,0.000000000000000000,2.000000000000000000,0.000000000000000000,0.000000000000000000,0.000000000000000000,0.000000000000000000,0.000000000000000000,0.000000000000000000,0.000000000000000000,0.000000000000000000,0.000000000000000000,9139221.000000000000000000,0.000001094185160858
Uzbekistan,0.000000000000000000,0.000000000000000000,0.000000000000000000,0.000000000000000000,0.000000000000000000,0.000000000000000000,33.000000000000000000,0.000000000000000000,0.000000000000000000,0.000000000000000000,4.000000000000000000,0.000000000000000000,0.000000000000000000,0.000000000000000000,0.000000000000000000,0.000000000000000000,36936168.000000000000000000,0.000001001728170610
Cambodia,0.000000000000000000,14.000000000000000000,0.000000000000000000,0.000000000000000000,0.000000000000000000,1.000000000000000000,0.000000000000000000,0.000000000000000000,0.000000000000000000,0.000000000000000000,0.000000000000000000,0.000000000000000000,0.000000000000000000,0.000000000000000000,0.000000000000000000,0.000000000000000000,17121847.000000000000000000,0.000000876073708637
Chile,11.000000000000000000,0.000000000000000000,0.000000000000000000,2.000000000000000000,0.000000000000000000,0.000000000000000000,1.000000000000000000,1.000000000000000000,0.000000000000000000,2.000000000000000000,0.000000000000000000,0.000000000000000000,0.000000000000000000,0.000000000000000000,0.000000000000000000,0.000000000000000000,19658839.000000000000000000,0.000000864750965202
United States,59.000000000000000000,21.000000000000000000,35.000000000000000000,28.000000000000000000,0.000000000000000000,0.000000000000000000,17.000000000000000000,20.000000000000000000,8.000000000000000000,13.000000000000000000,12.000000000000000000,1.000000000000000000,11.000000000000000000,50.000000000000000000,1.000000000000000000,3.000000000000000000,336610656.000000000000000000,0.000000828850765794
Tanzania,0.000000000000000000,0.000000000000000000,0.000000000000000000,0.000000000000000000,1.000000000000000000,0.000000000000000000,0.000000000000000000,0.000000000000000000,14.000000000000000000,0.000000000000000000,0.000000000000000000,0.000000000000000000,17.000000000000000000,0.000000000000000000,14.000000000000000000,9.000000000000000000,69419073.000000000000000000,0.000000792289462004
Bangladesh,13.000000000000000000,0.000000000000000000,16.000000000000000000,4.000000000000000000,1.000000000000000000,5.000000000000000000,2.000000000000000000,8.000000000000000000,6.000000000000000000,6.000000000000000000,8.000000000000000000,2.000000000000000000,10.000000000000000000,8.000000000000000000,35.000000000000000000,13.000000000000000000,174701211.000000000000000000,0.000000784196052310
Pakistan,29.000000000000000000,4.000000000000000000,27.000000000000000000,12.000000000000000000,1.000000000000000000,1.000000000000000000,3.000000000000000000,18.000000000000000000,13.000000000000000000,11.000000000000000000,20.000000000000000000,3.000000000000000000,8.000000000000000000,13.000000000000000000,16.000000000000000000,11.000000000000000000,245209815.000000000000000000,0.000000774846634911
Algeria,0.000000000000000000,0.000000000000000000,0.000000000000000000,0.000000000000000000,0.000000000000000000,0.000000000000000000,15.000000000000000000,10.000000000000000000,8.000000000000000000,0.000000000000000000,0.000000000000000000,0.000000000000000000,0.000000000000000000,0.000000000000000000,1.000000000000000000,0.000000000000000000,46278751.000000000000000000,0.000000734678427255
Poland,10.000000000000000000,1.000000000000000000,2.000000000000000000,4.000000000000000000,0.000000000000000000,0.000000000000000000,0.000000000000000000,0.000000000000000000,0.000000000000000000,4.000000000000000000,0.000000000000000000,0.000000000000000000,1.000000000000000000,3.000000000000000000,0.000000000000000000,0.000000000000000000,35992900.000000000000000000,0.000000694581431338
Spain,10.000000000000000000,0.000000000000000000,2.000000000000000000,4.000000000000000000,0.000000000000000000,0.000000000000000000,1.000000000000000000,0.000000000000000000,0.000000000000000000,4.000000000000000000,4.000000000000000000,0.000000000000000000,1.000000000000000000,5.000000000000000000,0.000000000000000000,0.000000000000000000,48318580.000000000000000000,0.000000641575145627
Thailand,6.000000000000000000,2.000000000000000000,3.000000000000000000,2.000000000000000000,0.000000000000000000,0.000000000000000000,1.000000000000000000,2.000000000000000000,3.000000000000000000,3.000000000000000000,4.000000000000000000,0.000000000000000000,2.000000000000000000,8.000000000000000000,1.000000000000000000,3.000000000000000000,71885799.000000000000000000,0.000000556438135994
Ukraine,5.000000000000000000,1.000000000000000000,0.000000000000000000,5.000000000000000000,0.000000000000000000,0.000000000000000000,1.000000000000000000,1.000000000000000000,0.000000000000000000,3.000000000000000000,0.000000000000000000,0.000000000000000000,1.000000000000000000,3.000000000000000000,0.000000000000000000,0.000000000000000000,38013272.000000000000000000,0.000000526132030939
Germany,13.000000000000000000,1.000000000000000000,5.000000000000000000,7.000000000000000000,0.000000000000000000,0.000000000000000000,1.000000000000000000,1.000000000000000000,1.000000000000000000,5.000000000000000000,0.000000000000000000,0.000000000000000000,3.000000000000000000,7.000000000000000000,0.000000000000000000,0.000000000000000000,84378888.000000000000000000,0.000000521457452722
Vietnam,4.000000000000000000,1.000000000000000000,3.000000000000000000,8.000000000000000000,0.000000000000000000,0.000000000000000000,0.000000000000000000,5.000000000000000000,1.000000000000000000,5.000000000000000000,4.000000000000000000,0.000000000000000000,1.000000000000000000,12.000000000000000000,0.000000000000000000,0.000000000000000000,99497680.000000000000000000,0.000000442221366368
Egypt,10.000000000000000000,0.000000000000000000,5.000000000000000000,4.000000000000000000,0.000000000000000000,0.000000000000000000,1.000000000000000000,13.000000000000000000,1.000000000000000000,4.000000000000000000,0.000000000000000000,0.000000000000000000,2.000000000000000000,6.000000000000000000,2.000000000000000000,0.000000000000000000,114484252.000000000000000000,0.000000419271639212
Italy,9.000000000000000000,0.000000000000000000,2.000000000000000000,4.000000000000000000,0.000000000000000000,0.000000000000000000,2.000000000000000000,1.000000000000000000,0.000000000000000000,2.000000000000000000,0.000000000000000000,0.000000000000000000,1.000000000000000000,3.000000000000000000,0.000000000000000000,0.000000000000000000,58561164.000000000000000000,0.000000409827919404
France,10.000000000000000000,0.000000000000000000,2.000000000000000000,2.000000000000000000,0.000000000000000000,0.000000000000000000,1.000000000000000000,0.000000000000000000,2.000000000000000000,3.000000000000000000,0.000000000000000000,0.000000000000000000,1.000000000000000000,6.000000000000000000,0.000000000000000000,0.000000000000000000,68288544.000000000000000000,0.000000395381105211
Argentina,9.000000000000000000,0.000000000000000000,0.000000000000000000,2.000000000000000000,0.000000000000000000,0.000000000000000000,1.000000000000000000,0.000000000000000000,0.000000000000000000,2.000000000000000000,0.000000000000000000,0.000000000000000000,0.000000000000000000,3.000000000000000000,0.000000000000000000,0.000000000000000000,46936024.000000000000000000,0.000000362195144608
Myanmar (Burma),0.000000000000000000,0.000000000000000000,0.000000000000000000,0.000000000000000000,0.000000000000000000,13.000000000000000000,0.000000000000000000,0.000000000000000000,0.000000000000000000,0.000000000000000000,0.000000000000000000,0.000000000000000000,0.000000000000000000,0.000000000000000000,6.000000000000000000,0.000000000000000000,54964694.000000000000000000,0.000000345676444592
Mexico,10.000000000000000000,20.000000000000000000,2.000000000000000000,5.000000000000000000,0.000000000000000000,0.000000000000000000,1.000000000000000000,2.000000000000000000,0.000000000000000000,2.000000000000000000,0.000000000000000000,0.000000000000000000,0.000000000000000000,2.000000000000000000,0.000000000000000000,0.000000000000000000,129388467.000000000000000000,0.000000340061220449
TÃ¼rkiye,7.000000000000000000,0.000000000000000000,2.000000000000000000,1.000000000000000000,0.000000000000000000,0.000000000000000000,14.000000000000000000,1.000000000000000000,0.000000000000000000,1.000000000000000000,0.000000000000000000,0.000000000000000000,1.000000000000000000,1.000000000000000000,0.000000000000000000,0.000000000000000000,85756376.000000000000000000,0.000000326506334643
Colombia,6.000000000000000000,0.000000000000000000,1.000000000000000000,2.000000000000000000,0.000000000000000000,0.000000000000000000,1.000000000000000000,2.000000000000000000,0.000000000000000000,2.000000000000000000,0.000000000000000000,0.000000000000000000,0.000000000000000000,2.000000000000000000,0.000000000000000000,0.000000000000000000,52340774.000000000000000000,0.000000305689021718
Kazakhstan,0.000000000000000000,0.000000000000000000,0.000000000000000000,0.000000000000000000,0.000000000000000000,0.000000000000000000,3.000000000000000000,3.000000000000000000,0.000000000000000000,0.000000000000000000,0.000000000000000000,0.000000000000000000,0.000000000000000000,0.000000000000000000,0.000000000000000000,0.000000000000000000,20138360.000000000000000000,0.000000297938858974
Peru,6.000000000000000000,0.000000000000000000,0.000000000000000000,1.000000000000000000,0.000000000000000000,0.000000000000000000,1.000000000000000000,1.000000000000000000,0.000000000000000000,1.000000000000000000,0.000000000000000000,0.000000000000000000,0.000000000000000000,0.000000000000000000,0.000000000000000000,0.000000000000000000,34683444.000000000000000000,0.000000288322001702
Iraq,0.000000000000000000,0.000000000000000000,0.000000000000000000,0.000000000000000000,0.000000000000000000,0.000000000000000000,0.000000000000000000,8.000000000000000000,0.000000000000000000,0.000000000000000000,0.000000000000000000,0.000000000000000000,3.000000000000000000,0.000000000000000000,2.000000000000000000,0.000000000000000000,46523657.000000000000000000,0.000000279427732863
Iran,6.000000000000000000,0.000000000000000000,1.000000000000000000,7.000000000000000000,0.000000000000000000,0.000000000000000000,0.000000000000000000,6.000000000000000000,0.000000000000000000,1.000000000000000000,0.000000000000000000,0.000000000000000000,0.000000000000000000,1.000000000000000000,0.000000000000000000,0.000000000000000000,89809781.000000000000000000,0.000000244962182905
Russia,7.000000000000000000,0.000000000000000000,1.000000000000000000,8.000000000000000000,0.000000000000000000,0.000000000000000000,1.000000000000000000,1.000000000000000000,0.000000000000000000,3.000000000000000000,0.000000000000000000,0.000000000000000000,0.000000000000000000,6.000000000000000000,0.000000000000000000,0.000000000000000000,143376832.000000000000000000,0.000000188314943379
Ecuador,0.000000000000000000,0.000000000000000000,0.000000000000000000,0.000000000000000000,0.000000000000000000,0.000000000000000000,2.000000000000000000,0.000000000000000000,0.000000000000000000,0.000000000000000000,0.000000000000000000,0.000000000000000000,0.000000000000000000,0.000000000000000000,0.000000000000000000,0.000000000000000000,18377367.000000000000000000,0.000000108829518396
India,11.000000000000000000,1.000000000000000000,17.000000000000000000,23.000000000000000000,0.000000000000000000,0.000000000000000000,3.000000000000000000,5.000000000000000000,3.000000000000000000,10.000000000000000000,12.000000000000000000,1.000000000000000000,4.000000000000000000,14.000000000000000000,4.000000000000000000,4.000000000000000000,1441719852.000000000000000000,0.000000077684995351
China,0.000000000000000000,0.000000000000000000,0.000000000000000000,0.000000000000000000,0.000000000000000000,0.000000000000000000,0.000000000000000000,27.000000000000000000,0.000000000000000000,25.000000000000000000,0.000000000000000000,4.000000000000000000,0.000000000000000000,37.000000000000000000,6.000000000000000000,0.000000000000000000,1410132224.000000000000000000,0.000000070206182310
Venezuela,0.000000000000000000,0.000000000000000000,0.000000000000000000,0.000000000000000000,0.000000000000000000,0.000000000000000000,2.000000000000000000,0.000000000000000000,0.000000000000000000,0.000000000000000000,0.000000000000000000,0.000000000000000000,0.000000000000000000,0.000000000000000000,0.000000000000000000,0.000000000000000000,29395334.000000000000000000,0.000000068038009026
Japan,2.000000000000000000,0.000000000000000000,0.000000000000000000,1.000000000000000000,0.000000000000000000,0.000000000000000000,0.000000000000000000,1.000000000000000000,0.000000000000000000,2.000000000000000000,0.000000000000000000,0.000000000000000000,1.000000000000000000,1.000000000000000000,0.000000000000000000,0.000000000000000000,123763600.000000000000000000,0.000000064639360846
Indonesia,7.000000000000000000,0.000000000000000000,2.000000000000000000,1.000000000000000000,0.000000000000000000,0.000000000000000000,0.000000000000000000,0.000000000000000000,0.000000000000000000,3.000000000000000000,0.000000000000000000,0.000000000000000000,1.000000000000000000,3.000000000000000000,0.000000000000000000,0.000000000000000000,279798049.000000000000000000,0.000000060758107716
Brazil,6.000000000000000000,0.000000000000000000,0.000000000000000000,0.000000000000000000,0.000000000000000000,0.000000000000000000,3.000000000000000000,0.000000000000000000,0.000000000000000000,1.000000000000000000,0.000000000000000000,0.000000000000000000,0.000000000000000000,1.000000000000000000,0.000000000000000000,0.000000000000000000,217637297.000000000000000000,0.000000050542807467
Palestine,0.000000000000000000,0.000000000000000000,0.000000000000000000,0.000000000000000000,0.000000000000000000,0.000000000000000000,0.000000000000000000,0.000000000000000000,0.000000000000000000,0.000000000000000000,0.000000000000000000,0.000000000000000000,0.000000000000000000,0.000000000000000000,0.000000000000000000,0.000000000000000000,5483450.000000000000000000,0.000000000000000000
Uruguay,0.000000000000000000,0.000000000000000000,0.000000000000000000,0.000000000000000000,0.000000000000000000,0.000000000000000000,0.000000000000000000,0.000000000000000000,0.000000000000000000,0.000000000000000000,0.000000000000000000,0.000000000000000000,0.000000000000000000,0.000000000000000000,0.000000000000000000,0.000000000000000000,3423316.000000000000000000,0.000000000000000000
Pitcairn Islands,0.000000000000000000,0.000000000000000000,0.000000000000000000,0.000000000000000000,0.000000000000000000,0.000000000000000000,0.000000000000000000,0.000000000000000000,0.000000000000000000,0.000000000000000000,0.000000000000000000,0.000000000000000000,0.000000000000000000,0.000000000000000000,0.000000000000000000,0.000000000000000000,35.000000000000000000,0.000000000000000000
Western Sahara,0.000000000000000000,0.000000000000000000,0.000000000000000000,0.000000000000000000,0.000000000000000000,0.000000000000000000,0.000000000000000000,0.000000000000000000,0.000000000000000000,0.000000000000000000,0.000000000000000000,0.000000000000000000,0.000000000000000000,0.000000000000000000,0.000000000000000000,0.000000000000000000,565581.000000000000000000,0.000000000000000000
Norfolk Island,0.000000000000000000,0.000000000000000000,0.000000000000000000,0.000000000000000000,0.000000000000000000,0.000000000000000000,0.000000000000000000,0.000000000000000000,0.000000000000000000,0.000000000000000000,0.000000000000000000,0.000000000000000000,0.000000000000000000,0.000000000000000000,0.000000000000000000,0.000000000000000000,2188.000000000000000000,0.000000000000000000
Yemen,0.000000000000000000,0.000000000000000000,0.000000000000000000,0.000000000000000000,0.000000000000000000,0.000000000000000000,0.000000000000000000,0.000000000000000000,0.000000000000000000,0.000000000000000000,0.000000000000000000,0.000000000000000000,0.000000000000000000,0.000000000000000000,0.000000000000000000,0.000000000000000000,35219853.000000000000000000,0.000000000000000000
Paraguay,0.000000000000000000,0.000000000000000000,0.000000000000000000,0.000000000000000000,0.000000000000000000,0.000000000000000000,0.000000000000000000,0.000000000000000000,0.000000000000000000,0.000000000000000000,0.000000000000000000,0.000000000000000000,0.000000000000000000,0.000000000000000000,0.000000000000000000,0.000000000000000000,6947270.000000000000000000,0.000000000000000000
Vanuatu,0.000000000000000000,0.000000000000000000,0.000000000000000000,0.000000000000000000,0.000000000000000000,0.000000000000000000,0.000000000000000000,0.000000000000000000,0.000000000000000000,0.000000000000000000,0.000000000000000000,0.000000000000000000,0.000000000000000000,0.000000000000000000,0.000000000000000000,0.000000000000000000,342325.000000000000000000,0.000000000000000000
North Korea,0.000000000000000000,0.000000000000000000,0.000000000000000000,0.000000000000000000,0.000000000000000000,0.000000000000000000,0.000000000000000000,0.000000000000000000,0.000000000000000000,0.000000000000000000,0.000000000000000000,0.000000000000000000,0.000000000000000000,0.000000000000000000,0.000000000000000000,0.000000000000000000,26244582.000000000000000000,0.000000000000000000
Wallis & Futuna,0.000000000000000000,0.000000000000000000,0.000000000000000000,0.000000000000000000,0.000000000000000000,0.000000000000000000,0.000000000000000000,0.000000000000000000,0.000000000000000000,0.000000000000000000,0.000000000000000000,0.000000000000000000,0.000000000000000000,0.000000000000000000,0.000000000000000000,0.000000000000000000,11151.000000000000000000,0.000000000000000000
Northern Mariana Islands,0.000000000000000000,0.000000000000000000,0.000000000000000000,0.000000000000000000,0.000000000000000000,0.000000000000000000,0.000000000000000000,0.000000000000000000,0.000000000000000000,0.000000000000000000,0.000000000000000000,0.000000000000000000,0.000000000000000000,0.000000000000000000,0.000000000000000000,0.000000000000000000,50025.000000000000000000,0.000000000000000000
Vatican City,0.000000000000000000,0.000000000000000000,0.000000000000000000,0.000000000000000000,0.000000000000000000,0.000000000000000000,0.000000000000000000,0.000000000000000000,0.000000000000000000,0.000000000000000000,0.000000000000000000,0.000000000000000000,0.000000000000000000,0.000000000000000000,0.000000000000000000,0.000000000000000000,764.000000000000000000,0.000000000000000000
Palau,0.000000000000000000,0.000000000000000000,0.000000000000000000,0.000000000000000000,0.000000000000000000,0.000000000000000000,0.000000000000000000,0.000000000000000000,0.000000000000000000,0.000000000000000000,0.000000000000000000,0.000000000000000000,0.000000000000000000,0.000000000000000000,0.000000000000000000,0.000000000000000000,18051.000000000000000000,0.000000000000000000
Panama,0.000000000000000000,0.000000000000000000,0.000000000000000000,0.000000000000000000,0.000000000000000000,0.000000000000000000,0.000000000000000000,0.000000000000000000,0.000000000000000000,0.000000000000000000,0.000000000000000000,0.000000000000000000,0.000000000000000000,0.000000000000000000,0.000000000000000000,0.000000000000000000,4527961.000000000000000000,0.000000000000000000
St. Lucia,0.000000000000000000,0.000000000000000000,0.000000000000000000,0.000000000000000000,0.000000000000000000,0.000000000000000000,0.000000000000000000,0.000000000000000000,0.000000000000000000,0.000000000000000000,0.000000000000000000,0.000000000000000000,0.000000000000000000,0.000000000000000000,0.000000000000000000,0.000000000000000000,180805.000000000000000000,0.000000000000000000
Turks & Caicos Islands,0.000000000000000000,0.000000000000000000,0.000000000000000000,0.000000000000000000,0.000000000000000000,0.000000000000000000,0.000000000000000000,0.000000000000000000,0.000000000000000000,0.000000000000000000,0.000000000000000000,0.000000000000000000,0.000000000000000000,0.000000000000000000,0.000000000000000000,0.000000000000000000,46431.000000000000000000,0.000000000000000000
Puerto Rico,0.000000000000000000,0.000000000000000000,0.000000000000000000,0.000000000000000000,0.000000000000000000,0.000000000000000000,0.000000000000000000,0.000000000000000000,0.000000000000000000,0.000000000000000000,0.000000000000000000,0.000000000000000000,0.000000000000000000,0.000000000000000000,0.000000000000000000,0.000000000000000000,3211671.000000000000000000,0.000000000000000000
Tajikistan,0.000000000000000000,0.000000000000000000,0.000000000000000000,0.000000000000000000,0.000000000000000000,0.000000000000000000,0.000000000000000000,0.000000000000000000,0.000000000000000000,0.000000000000000000,0.000000000000000000,0.000000000000000000,0.000000000000000000,0.000000000000000000,0.000000000000000000,0.000000000000000000,10331513.000000000000000000,0.000000000000000000
St. Martin,0.000000000000000000,0.000000000000000000,0.000000000000000000,0.000000000000000000,0.000000000000000000,0.000000000000000000,0.000000000000000000,0.000000000000000000,0.000000000000000000,0.000000000000000000,0.000000000000000000,0.000000000000000000,0.000000000000000000,0.000000000000000000,0.000000000000000000,0.000000000000000000,42938.000000000000000000,0.000000000000000000
St. Pierre & Miquelon,0.000000000000000000,0.000000000000000000,0.000000000000000000,0.000000000000000000,0.000000000000000000,0.000000000000000000,0.000000000000000000,0.000000000000000000,0.000000000000000000,0.000000000000000000,0.000000000000000000,0.000000000000000000,0.000000000000000000,0.000000000000000000,0.000000000000000000,0.000000000000000000,6008.000000000000000000,0.000000000000000000
St. Vincent & Grenadines,0.000000000000000000,0.000000000000000000,0.000000000000000000,0.000000000000000000,0.000000000000000000,0.000000000000000000,0.000000000000000000,0.000000000000000000,0.000000000000000000,0.000000000000000000,0.000000000000000000,0.000000000000000000,0.000000000000000000,0.000000000000000000,0.000000000000000000,0.000000000000000000,103683.000000000000000000,0.000000000000000000
St. BarthÃ©lemy,0.000000000000000000,0.000000000000000000,0.000000000000000000,0.000000000000000000,0.000000000000000000,0.000000000000000000,0.000000000000000000,0.000000000000000000,0.000000000000000000,0.000000000000000000,0.000000000000000000,0.000000000000000000,0.000000000000000000,0.000000000000000000,0.000000000000000000,0.000000000000000000,10967.000000000000000000,0.000000000000000000
Sudan,0.000000000000000000,0.000000000000000000,0.000000000000000000,0.000000000000000000,0.000000000000000000,0.000000000000000000,0.000000000000000000,0.000000000000000000,0.000000000000000000,0.000000000000000000,0.000000000000000000,0.000000000000000000,0.000000000000000000,0.000000000000000000,0.000000000000000000,0.000000000000000000,49358228.000000000000000000,0.000000000000000000
Suriname,0.000000000000000000,0.000000000000000000,0.000000000000000000,0.000000000000000000,0.000000000000000000,0.000000000000000000,0.000000000000000000,0.000000000000000000,0.000000000000000000,0.000000000000000000,0.000000000000000000,0.000000000000000000,0.000000000000000000,0.000000000000000000,0.000000000000000000,0.000000000000000000,628785.000000000000000000,0.000000000000000000
South Sudan,0.000000000000000000,0.000000000000000000,0.000000000000000000,0.000000000000000000,0.000000000000000000,0.000000000000000000,0.000000000000000000,0.000000000000000000,0.000000000000000000,0.000000000000000000,0.000000000000000000,0.000000000000000000,0.000000000000000000,0.000000000000000000,0.000000000000000000,0.000000000000000000,11277092.000000000000000000,0.000000000000000000
Svalbard & Jan Mayen,0.000000000000000000,0.000000000000000000,0.000000000000000000,0.000000000000000000,0.000000000000000000,0.000000000000000000,0.000000000000000000,0.000000000000000000,0.000000000000000000,0.000000000000000000,0.000000000000000000,0.000000000000000000,0.000000000000000000,0.000000000000000000,0.000000000000000000,0.000000000000000000,0.000000000000000000,0.000000000000000000
South Georgia & South Sandwich Islands,0.000000000000000000,0.000000000000000000,0.000000000000000000,0.000000000000000000,0.000000000000000000,0.000000000000000000,0.000000000000000000,0.000000000000000000,0.000000000000000000,0.000000000000000000,0.000000000000000000,0.000000000000000000,0.000000000000000000,0.000000000000000000,0.000000000000000000,0.000000000000000000,0.000000000000000000,0.000000000000000000
Syria,0.000000000000000000,0.000000000000000000,0.000000000000000000,0.000000000000000000,0.000000000000000000,0.000000000000000000,0.000000000000000000,0.000000000000000000,0.000000000000000000,0.000000000000000000,0.000000000000000000,0.000000000000000000,0.000000000000000000,0.000000000000000000,0.000000000000000000,0.000000000000000000,24348053.000000000000000000,0.000000000000000000
Solomon Islands,0.000000000000000000,0.000000000000000000,0.000000000000000000,0.000000000000000000,0.000000000000000000,0.000000000000000000,0.000000000000000000,0.000000000000000000,0.000000000000000000,0.000000000000000000,0.000000000000000000,0.000000000000000000,0.000000000000000000,0.000000000000000000,0.000000000000000000,0.000000000000000000,756673.000000000000000000,0.000000000000000000
Sint Maarten,0.000000000000000000,0.000000000000000000,0.000000000000000000,0.000000000000000000,0.000000000000000000,0.000000000000000000,0.000000000000000000,0.000000000000000000,0.000000000000000000,0.000000000000000000,0.000000000000000000,0.000000000000000000,0.000000000000000000,0.000000000000000000,0.000000000000000000,0.000000000000000000,42938.000000000000000000,0.000000000000000000
Sierra Leone,0.000000000000000000,0.000000000000000000,0.000000000000000000,0.000000000000000000,0.000000000000000000,0.000000000000000000,0.000000000000000000,0.000000000000000000,0.000000000000000000,0.000000000000000000,0.000000000000000000,0.000000000000000000,0.000000000000000000,0.000000000000000000,0.000000000000000000,0.000000000000000000,8977972.000000000000000000,0.000000000000000000
U.S. Virgin Islands,0.000000000000000000,0.000000000000000000,0.000000000000000000,0.000000000000000000,0.000000000000000000,0.000000000000000000,0.000000000000000000,0.000000000000000000,0.000000000000000000,0.000000000000000000,0.000000000000000000,0.000000000000000000,0.000000000000000000,0.000000000000000000,0.000000000000000000,0.000000000000000000,104181.000000000000000000,0.000000000000000000
Timor-Leste,0.000000000000000000,0.000000000000000000,0.000000000000000000,0.000000000000000000,0.000000000000000000,0.000000000000000000,0.000000000000000000,0.000000000000000000,0.000000000000000000,0.000000000000000000,0.000000000000000000,0.000000000000000000,0.000000000000000000,0.000000000000000000,0.000000000000000000,0.000000000000000000,1379883.000000000000000000,0.000000000000000000
Togo,0.000000000000000000,0.000000000000000000,0.000000000000000000,0.000000000000000000,0.000000000000000000,0.000000000000000000,0.000000000000000000,0.000000000000000000,0.000000000000000000,0.000000000000000000,0.000000000000000000,0.000000000000000000,0.000000000000000000,0.000000000000000000,0.000000000000000000,0.000000000000000000,9260864.000000000000000000,0.000000000000000000
Seychelles,0.000000000000000000,0.000000000000000000,0.000000000000000000,0.000000000000000000,0.000000000000000000,0.000000000000000000,0.000000000000000000,0.000000000000000000,0.000000000000000000,0.000000000000000000,0.000000000000000000,0.000000000000000000,0.000000000000000000,0.000000000000000000,0.000000000000000000,0.000000000000000000,120483.000000000000000000,0.000000000000000000
Tokelau,0.000000000000000000,0.000000000000000000,0.000000000000000000,0.000000000000000000,0.000000000000000000,0.000000000000000000,0.000000000000000000,0.000000000000000000,0.000000000000000000,0.000000000000000000,0.000000000000000000,0.000000000000000000,0.000000000000000000,0.000000000000000000,0.000000000000000000,0.000000000000000000,1499.000000000000000000,0.000000000000000000
Tonga,0.000000000000000000,0.000000000000000000,0.000000000000000000,0.000000000000000000,0.000000000000000000,0.000000000000000000,0.000000000000000000,0.000000000000000000,0.000000000000000000,0.000000000000000000,0.000000000000000000,0.000000000000000000,0.000000000000000000,0.000000000000000000,0.000000000000000000,0.000000000000000000,108683.000000000000000000,0.000000000000000000
Turkmenistan,0.000000000000000000,0.000000000000000000,0.000000000000000000,0.000000000000000000,0.000000000000000000,0.000000000000000000,0.000000000000000000,0.000000000000000000,0.000000000000000000,0.000000000000000000,0.000000000000000000,0.000000000000000000,0.000000000000000000,0.000000000000000000,0.000000000000000000,0.000000000000000000,6598071.000000000000000000,0.000000000000000000
St. Kitts & Nevis,0.000000000000000000,0.000000000000000000,0.000000000000000000,0.000000000000000000,0.000000000000000000,0.000000000000000000,0.000000000000000000,0.000000000000000000,0.000000000000000000,0.000000000000000000,0.000000000000000000,0.000000000000000000,0.000000000000000000,0.000000000000000000,0.000000000000000000,0.000000000000000000,47847.000000000000000000,0.000000000000000000
San Marino,0.000000000000000000,0.000000000000000000,0.000000000000000000,0.000000000000000000,0.000000000000000000,0.000000000000000000,0.000000000000000000,0.000000000000000000,0.000000000000000000,0.000000000000000000,0.000000000000000000,0.000000000000000000,0.000000000000000000,0.000000000000000000,0.000000000000000000,0.000000000000000000,33614.000000000000000000,0.000000000000000000
Tuvalu,0.000000000000000000,0.000000000000000000,0.000000000000000000,0.000000000000000000,0.000000000000000000,0.000000000000000000,0.000000000000000000,0.000000000000000000,0.000000000000000000,0.000000000000000000,0.000000000000000000,0.000000000000000000,0.000000000000000000,0.000000000000000000,0.000000000000000000,0.000000000000000000,11478.000000000000000000,0.000000000000000000
Samoa,0.000000000000000000,0.000000000000000000,0.000000000000000000,0.000000000000000000,0.000000000000000000,0.000000000000000000,0.000000000000000000,0.000000000000000000,0.000000000000000000,0.000000000000000000,0.000000000000000000,0.000000000000000000,0.000000000000000000,0.000000000000000000,0.000000000000000000,0.000000000000000000,228966.000000000000000000,0.000000000000000000
RÃ©union,0.000000000000000000,0.000000000000000000,0.000000000000000000,0.000000000000000000,0.000000000000000000,0.000000000000000000,0.000000000000000000,0.000000000000000000,0.000000000000000000,0.000000000000000000,0.000000000000000000,0.000000000000000000,0.000000000000000000,0.000000000000000000,0.000000000000000000,0.000000000000000000,885700.000000000000000000,0.000000000000000000
U.S. Outlying Islands,0.000000000000000000,0.000000000000000000,0.000000000000000000,0.000000000000000000,0.000000000000000000,0.000000000000000000,0.000000000000000000,0.000000000000000000,0.000000000000000000,0.000000000000000000,0.000000000000000000,0.000000000000000000,0.000000000000000000,0.000000000000000000,0.000000000000000000,0.000000000000000000,300.000000000000000000,0.000000000000000000
Niue,0.000000000000000000,0.000000000000000000,0.000000000000000000,0.000000000000000000,0.000000000000000000,0.000000000000000000,0.000000000000000000,0.000000000000000000,0.000000000000000000,0.000000000000000000,0.000000000000000000,0.000000000000000000,0.000000000000000000,0.000000000000000000,0.000000000000000000,0.000000000000000000,1937.000000000000000000,0.000000000000000000
Liberia,0.000000000000000000,0.000000000000000000,0.000000000000000000,0.000000000000000000,0.000000000000000000,0.000000000000000000,0.000000000000000000,0.000000000000000000,0.000000000000000000,0.000000000000000000,0.000000000000000000,0.000000000000000000,0.000000000000000000,0.000000000000000000,0.000000000000000000,0.000000000000000000,5536949.000000000000000000,0.000000000000000000
Niger,0.000000000000000000,0.000000000000000000,0.000000000000000000,0.000000000000000000,0.000000000000000000,0.000000000000000000,0.000000000000000000,0.000000000000000000,0.000000000000000000,0.000000000000000000,0.000000000000000000,0.000000000000000000,0.000000000000000000,0.000000000000000000,0.000000000000000000,0.000000000000000000,28238972.000000000000000000,0.000000000000000000
Caribbean Netherlands,0.000000000000000000,0.000000000000000000,0.000000000000000000,0.000000000000000000,0.000000000000000000,0.000000000000000000,0.000000000000000000,0.000000000000000000,0.000000000000000000,0.000000000000000000,0.000000000000000000,0.000000000000000000,0.000000000000000000,0.000000000000000000,0.000000000000000000,0.000000000000000000,27726.000000000000000000,0.000000000000000000
Chad,0.000000000000000000,0.000000000000000000,0.000000000000000000,0.000000000000000000,0.000000000000000000,0.000000000000000000,0.000000000000000000,0.000000000000000000,0.000000000000000000,0.000000000000000000,0.000000000000000000,0.000000000000000000,0.000000000000000000,0.000000000000000000,0.000000000000000000,0.000000000000000000,18847148.000000000000000000,0.000000000000000000
Christmas Island,0.000000000000000000,0.000000000000000000,0.000000000000000000,0.000000000000000000,0.000000000000000000,0.000000000000000000,0.000000000000000000,0.000000000000000000,0.000000000000000000,0.000000000000000000,0.000000000000000000,0.000000000000000000,0.000000000000000000,0.000000000000000000,0.000000000000000000,0.000000000000000000,1692.000000000000000000,0.000000000000000000
Cocos (Keeling) Islands,0.000000000000000000,0.000000000000000000,0.000000000000000000,0.000000000000000000,0.000000000000000000,0.000000000000000000,0.000000000000000000,0.000000000000000000,0.000000000000000000,0.000000000000000000,0.000000000000000000,0.000000000000000000,0.000000000000000000,0.000000000000000000,0.000000000000000000,0.000000000000000000,593.000000000000000000,0.000000000000000000
Comoros,0.000000000000000000,0.000000000000000000,0.000000000000000000,0.000000000000000000,0.000000000000000000,0.000000000000000000,0.000000000000000000,0.000000000000000000,0.000000000000000000,0.000000000000000000,0.000000000000000000,0.000000000000000000,0.000000000000000000,0.000000000000000000,0.000000000000000000,0.000000000000000000,867605.000000000000000000,0.000000000000000000
Congo - Brazzaville,0.000000000000000000,0.000000000000000000,0.000000000000000000,0.000000000000000000,0.000000000000000000,0.000000000000000000,0.000000000000000000,0.000000000000000000,0.000000000000000000,0.000000000000000000,0.000000000000000000,0.000000000000000000,0.000000000000000000,0.000000000000000000,0.000000000000000000,0.000000000000000000,6244547.000000000000000000,0.000000000000000000
Congo - Kinshasa,0.000000000000000000,0.000000000000000000,0.000000000000000000,0.000000000000000000,0.000000000000000000,0.000000000000000000,0.000000000000000000,0.000000000000000000,0.000000000000000000,0.000000000000000000,0.000000000000000000,0.000000000000000000,0.000000000000000000,0.000000000000000000,0.000000000000000000,0.000000000000000000,105625114.000000000000000000,0.000000000000000000
Cook Islands,0.000000000000000000,0.000000000000000000,0.000000000000000000,0.000000000000000000,0.000000000000000000,0.000000000000000000,0.000000000000000000,0.000000000000000000,0.000000000000000000,0.000000000000000000,0.000000000000000000,0.000000000000000000,0.000000000000000000,0.000000000000000000,0.000000000000000000,0.000000000000000000,15040.000000000000000000,0.000000000000000000
Costa Rica,0.000000000000000000,0.000000000000000000,0.000000000000000000,0.000000000000000000,0.000000000000000000,0.000000000000000000,0.000000000000000000,0.000000000000000000,0.000000000000000000,0.000000000000000000,0.000000000000000000,0.000000000000000000,0.000000000000000000,0.000000000000000000,0.000000000000000000,0.000000000000000000,5246714.000000000000000000,0.000000000000000000
Cuba,0.000000000000000000,0.000000000000000000,0.000000000000000000,0.000000000000000000,0.000000000000000000,0.000000000000000000,0.000000000000000000,0.000000000000000000,0.000000000000000000,0.000000000000000000,0.000000000000000000,0.000000000000000000,0.000000000000000000,0.000000000000000000,0.000000000000000000,0.000000000000000000,11174587.000000000000000000,0.000000000000000000
CuraÃ§ao,0.000000000000000000,0.000000000000000000,0.000000000000000000,0.000000000000000000,0.000000000000000000,0.000000000000000000,0.000000000000000000,0.000000000000000000,0.000000000000000000,0.000000000000000000,0.000000000000000000,0.000000000000000000,0.000000000000000000,0.000000000000000000,0.000000000000000000,0.000000000000000000,148613.000000000000000000,0.000000000000000000
Djibouti,0.000000000000000000,0.000000000000000000,0.000000000000000000,0.000000000000000000,0.000000000000000000,0.000000000000000000,0.000000000000000000,0.000000000000000000,0.000000000000000000,0.000000000000000000,0.000000000000000000,0.000000000000000000,0.000000000000000000,0.000000000000000000,0.000000000000000000,0.000000000000000000,1152329.000000000000000000,0.000000000000000000
Dominica,0.000000000000000000,0.000000000000000000,0.000000000000000000,0.000000000000000000,0.000000000000000000,0.000000000000000000,0.000000000000000000,0.000000000000000000,0.000000000000000000,0.000000000000000000,0.000000000000000000,0.000000000000000000,0.000000000000000000,0.000000000000000000,0.000000000000000000,0.000000000000000000,73368.000000000000000000,0.000000000000000000
Dominican Republic,0.000000000000000000,0.000000000000000000,0.000000000000000000,0.000000000000000000,0.000000000000000000,0.000000000000000000,0.000000000000000000,0.000000000000000000,0.000000000000000000,0.000000000000000000,0.000000000000000000,0.000000000000000000,0.000000000000000000,0.000000000000000000,0.000000000000000000,0.000000000000000000,11434005.000000000000000000,0.000000000000000000
El Salvador,0.000000000000000000,0.000000000000000000,0.000000000000000000,0.000000000000000000,0.000000000000000000,0.000000000000000000,0.000000000000000000,0.000000000000000000,0.000000000000000000,0.000000000000000000,0.000000000000000000,0.000000000000000000,0.000000000000000000,0.000000000000000000,0.000000000000000000,0.000000000000000000,6396289.000000000000000000,0.000000000000000000
Equatorial Guinea,0.000000000000000000,0.000000000000000000,0.000000000000000000,0.000000000000000000,0.000000000000000000,0.000000000000000000,0.000000000000000000,0.000000000000000000,0.000000000000000000,0.000000000000000000,0.000000000000000000,0.000000000000000000,0.000000000000000000,0.000000000000000000,0.000000000000000000,0.000000000000000000,1754993.000000000000000000,0.000000000000000000
Eritrea,0.000000000000000000,0.000000000000000000,0.000000000000000000,0.000000000000000000,0.000000000000000000,0.000000000000000000,0.000000000000000000,0.000000000000000000,0.000000000000000000,0.000000000000000000,0.000000000000000000,0.000000000000000000,0.000000000000000000,0.000000000000000000,0.000000000000000000,0.000000000000000000,3817651.000000000000000000,0.000000000000000000
Estonia,0.000000000000000000,0.000000000000000000,0.000000000000000000,0.000000000000000000,0.000000000000000000,0.000000000000000000,0.000000000000000000,0.000000000000000000,0.000000000000000000,0.000000000000000000,0.000000000000000000,0.000000000000000000,0.000000000000000000,0.000000000000000000,0.000000000000000000,0.000000000000000000,1361835.000000000000000000,0.000000000000000000
Eswatini,0.000000000000000000,0.000000000000000000,0.000000000000000000,0.000000000000000000,0.000000000000000000,0.000000000000000000,0.000000000000000000,0.000000000000000000,0.000000000000000000,0.000000000000000000,0.000000000000000000,0.000000000000000000,0.000000000000000000,0.000000000000000000,0.000000000000000000,0.000000000000000000,1222075.000000000000000000,0.000000000000000000
Falkland Islands (Islas Malvinas),0.000000000000000000,0.000000000000000000,0.000000000000000000,0.000000000000000000,0.000000000000000000,0.000000000000000000,0.000000000000000000,0.000000000000000000,0.000000000000000000,0.000000000000000000,0.000000000000000000,0.000000000000000000,0.000000000000000000,0.000000000000000000,0.000000000000000000,0.000000000000000000,3662.000000000000000000,0.000000000000000000
Central African Republic,0.000000000000000000,0.000000000000000000,0.000000000000000000,0.000000000000000000,0.000000000000000000,0.000000000000000000,0.000000000000000000,0.000000000000000000,0.000000000000000000,0.000000000000000000,0.000000000000000000,0.000000000000000000,0.000000000000000000,0.000000000000000000,0.000000000000000000,0.000000000000000000,5915627.000000000000000000,0.000000000000000000
Cape Verde,0.000000000000000000,0.000000000000000000,0.000000000000000000,0.000000000000000000,0.000000000000000000,0.000000000000000000,0.000000000000000000,0.000000000000000000,0.000000000000000000,0.000000000000000000,0.000000000000000000,0.000000000000000000,0.000000000000000000,0.000000000000000000,0.000000000000000000,0.000000000000000000,604461.000000000000000000,0.000000000000000000
Nicaragua,0.000000000000000000,0.000000000000000000,0.000000000000000000,0.000000000000000000,0.000000000000000000,0.000000000000000000,0.000000000000000000,0.000000000000000000,0.000000000000000000,0.000000000000000000,0.000000000000000000,0.000000000000000000,0.000000000000000000,0.000000000000000000,0.000000000000000000,0.000000000000000000,7142529.000000000000000000,0.000000000000000000
Burundi,0.000000000000000000,0.000000000000000000,0.000000000000000000,0.000000000000000000,0.000000000000000000,0.000000000000000000,0.000000000000000000,0.000000000000000000,0.000000000000000000,0.000000000000000000,0.000000000000000000,0.000000000000000000,0.000000000000000000,0.000000000000000000,0.000000000000000000,0.000000000000000000,13591657.000000000000000000,0.000000000000000000
American Samoa,0.000000000000000000,0.000000000000000000,0.000000000000000000,0.000000000000000000,0.000000000000000000,0.000000000000000000,0.000000000000000000,0.000000000000000000,0.000000000000000000,0.000000000000000000,0.000000000000000000,0.000000000000000000,0.000000000000000000,0.000000000000000000,0.000000000000000000,0.000000000000000000,43544.000000000000000000,0.000000000000000000
Andorra,0.000000000000000000,0.000000000000000000,0.000000000000000000,0.000000000000000000,0.000000000000000000,0.000000000000000000,0.000000000000000000,0.000000000000000000,0.000000000000000000,0.000000000000000000,0.000000000000000000,0.000000000000000000,0.000000000000000000,0.000000000000000000,0.000000000000000000,0.000000000000000000,80341.000000000000000000,0.000000000000000000
Angola,0.000000000000000000,0.000000000000000000,0.000000000000000000,0.000000000000000000,0.000000000000000000,0.000000000000000000,0.000000000000000000,0.000000000000000000,0.000000000000000000,0.000000000000000000,0.000000000000000000,0.000000000000000000,0.000000000000000000,0.000000000000000000,0.000000000000000000,0.000000000000000000,37804634.000000000000000000,0.000000000000000000
Anguilla,0.000000000000000000,0.000000000000000000,0.000000000000000000,0.000000000000000000,0.000000000000000000,0.000000000000000000,0.000000000000000000,0.000000000000000000,0.000000000000000000,0.000000000000000000,0.000000000000000000,0.000000000000000000,0.000000000000000000,0.000000000000000000,0.000000000000000000,0.000000000000000000,15753.000000000000000000,0.000000000000000000
Antarctica,0.000000000000000000,0.000000000000000000,0.000000000000000000,0.000000000000000000,0.000000000000000000,0.000000000000000000,0.000000000000000000,0.000000000000000000,0.000000000000000000,0.000000000000000000,0.000000000000000000,0.000000000000000000,0.000000000000000000,0.000000000000000000,0.000000000000000000,0.000000000000000000,5100.000000000000000000,0.000000000000000000
Antigua & Barbuda,0.000000000000000000,0.000000000000000000,0.000000000000000000,0.000000000000000000,0.000000000000000000,0.000000000000000000,0.000000000000000000,0.000000000000000000,0.000000000000000000,0.000000000000000000,0.000000000000000000,0.000000000000000000,0.000000000000000000,0.000000000000000000,0.000000000000000000,0.000000000000000000,94816.000000000000000000,0.000000000000000000
Aruba,0.000000000000000000,0.000000000000000000,0.000000000000000000,0.000000000000000000,0.000000000000000000,0.000000000000000000,0.000000000000000000,0.000000000000000000,0.000000000000000000,0.000000000000000000,0.000000000000000000,0.000000000000000000,0.000000000000000000,0.000000000000000000,0.000000000000000000,0.000000000000000000,106177.000000000000000000,0.000000000000000000
Barbados,0.000000000000000000,0.000000000000000000,0.000000000000000000,0.000000000000000000,0.000000000000000000,0.000000000000000000,0.000000000000000000,0.000000000000000000,0.000000000000000000,0.000000000000000000,0.000000000000000000,0.000000000000000000,0.000000000000000000,0.000000000000000000,0.000000000000000000,0.000000000000000000,282309.000000000000000000,0.000000000000000000
Belize,0.000000000000000000,0.000000000000000000,0.000000000000000000,0.000000000000000000,0.000000000000000000,0.000000000000000000,0.000000000000000000,0.000000000000000000,0.000000000000000000,0.000000000000000000,0.000000000000000000,0.000000000000000000,0.000000000000000000,0.000000000000000000,0.000000000000000000,0.000000000000000000,416656.000000000000000000,0.000000000000000000
Benin,0.000000000000000000,0.000000000000000000,0.000000000000000000,0.000000000000000000,0.000000000000000000,0.000000000000000000,0.000000000000000000,0.000000000000000000,0.000000000000000000,0.000000000000000000,0.000000000000000000,0.000000000000000000,0.000000000000000000,0.000000000000000000,0.000000000000000000,0.000000000000000000,14080072.000000000000000000,0.000000000000000000
Bermuda,0.000000000000000000,0.000000000000000000,0.000000000000000000,0.000000000000000000,0.000000000000000000,0.000000000000000000,0.000000000000000000,0.000000000000000000,0.000000000000000000,0.000000000000000000,0.000000000000000000,0.000000000000000000,0.000000000000000000,0.000000000000000000,0.000000000000000000,0.000000000000000000,63913.000000000000000000,0.000000000000000000
Bhutan,0.000000000000000000,0.000000000000000000,0.000000000000000000,0.000000000000000000,0.000000000000000000,0.000000000000000000,0.000000000000000000,0.000000000000000000,0.000000000000000000,0.000000000000000000,0.000000000000000000,0.000000000000000000,0.000000000000000000,0.000000000000000000,0.000000000000000000,0.000000000000000000,792382.000000000000000000,0.000000000000000000
Bolivia,0.000000000000000000,0.000000000000000000,0.000000000000000000,0.000000000000000000,0.000000000000000000,0.000000000000000000,0.000000000000000000,0.000000000000000000,0.000000000000000000,0.000000000000000000,0.000000000000000000,0.000000000000000000,0.000000000000000000,0.000000000000000000,0.000000000000000000,0.000000000000000000,12567336.000000000000000000,0.000000000000000000
Bosnia & Herzegovina,0.000000000000000000,0.000000000000000000,0.000000000000000000,0.000000000000000000,0.000000000000000000,0.000000000000000000,0.000000000000000000,0.000000000000000000,0.000000000000000000,0.000000000000000000,0.000000000000000000,0.000000000000000000,0.000000000000000000,0.000000000000000000,0.000000000000000000,0.000000000000000000,3194378.000000000000000000,0.000000000000000000
Botswana,0.000000000000000000,0.000000000000000000,0.000000000000000000,0.000000000000000000,0.000000000000000000,0.000000000000000000,0.000000000000000000,0.000000000000000000,0.000000000000000000,0.000000000000000000,0.000000000000000000,0.000000000000000000,0.000000000000000000,0.000000000000000000,0.000000000000000000,0.000000000000000000,2719694.000000000000000000,0.000000000000000000
Bouvet Island,0.000000000000000000,0.000000000000000000,0.000000000000000000,0.000000000000000000,0.000000000000000000,0.000000000000000000,0.000000000000000000,0.000000000000000000,0.000000000000000000,0.000000000000000000,0.000000000000000000,0.000000000000000000,0.000000000000000000,0.000000000000000000,0.000000000000000000,0.000000000000000000,6.000000000000000000,0.000000000000000000
British Indian Ocean Territory,0.000000000000000000,0.000000000000000000,0.000000000000000000,0.000000000000000000,0.000000000000000000,0.000000000000000000,0.000000000000000000,0.000000000000000000,0.000000000000000000,0.000000000000000000,0.000000000000000000,0.000000000000000000,0.000000000000000000,0.000000000000000000,0.000000000000000000,0.000000000000000000,3000.000000000000000000,0.000000000000000000
British Virgin Islands,0.000000000000000000,0.000000000000000000,0.000000000000000000,0.000000000000000000,0.000000000000000000,0.000000000000000000,0.000000000000000000,0.000000000000000000,0.000000000000000000,0.000000000000000000,0.000000000000000000,0.000000000000000000,0.000000000000000000,0.000000000000000000,0.000000000000000000,0.000000000000000000,31763.000000000000000000,0.000000000000000000
Burkina Faso,0.000000000000000000,0.000000000000000000,0.000000000000000000,0.000000000000000000,0.000000000000000000,0.000000000000000000,0.000000000000000000,0.000000000000000000,0.000000000000000000,0.000000000000000000,0.000000000000000000,0.000000000000000000,0.000000000000000000,0.000000000000000000,0.000000000000000000,0.000000000000000000,23840247.000000000000000000,0.000000000000000000
Faroe Islands,0.000000000000000000,0.000000000000000000,0.000000000000000000,0.000000000000000000,0.000000000000000000,0.000000000000000000,0.000000000000000000,0.000000000000000000,0.000000000000000000,0.000000000000000000,0.000000000000000000,0.000000000000000000,0.000000000000000000,0.000000000000000000,0.000000000000000000,0.000000000000000000,53444.000000000000000000,0.000000000000000000
French Guiana,0.000000000000000000,0.000000000000000000,0.000000000000000000,0.000000000000000000,0.000000000000000000,0.000000000000000000,0.000000000000000000,0.000000000000000000,0.000000000000000000,0.000000000000000000,0.000000000000000000,0.000000000000000000,0.000000000000000000,0.000000000000000000,0.000000000000000000,0.000000000000000000,295385.000000000000000000,0.000000000000000000
French Polynesia,0.000000000000000000,0.000000000000000000,0.000000000000000000,0.000000000000000000,0.000000000000000000,0.000000000000000000,0.000000000000000000,0.000000000000000000,0.000000000000000000,0.000000000000000000,0.000000000000000000,0.000000000000000000,0.000000000000000000,0.000000000000000000,0.000000000000000000,0.000000000000000000,311383.000000000000000000,0.000000000000000000
French Southern Territories,0.000000000000000000,0.000000000000000000,0.000000000000000000,0.000000000000000000,0.000000000000000000,0.000000000000000000,0.000000000000000000,0.000000000000000000,0.000000000000000000,0.000000000000000000,0.000000000000000000,0.000000000000000000,0.000000000000000000,0.000000000000000000,0.000000000000000000,0.000000000000000000,800.000000000000000000,0.000000000000000000
Liechtenstein,0.000000000000000000,0.000000000000000000,0.000000000000000000,0.000000000000000000,0.000000000000000000,0.000000000000000000,0.000000000000000000,0.000000000000000000,0.000000000000000000,0.000000000000000000,0.000000000000000000,0.000000000000000000,0.000000000000000000,0.000000000000000000,0.000000000000000000,0.000000000000000000,39822.000000000000000000,0.000000000000000000
Luxembourg,0.000000000000000000,0.000000000000000000,0.000000000000000000,0.000000000000000000,0.000000000000000000,0.000000000000000000,0.000000000000000000,0.000000000000000000,0.000000000000000000,0.000000000000000000,0.000000000000000000,0.000000000000000000,0.000000000000000000,0.000000000000000000,0.000000000000000000,0.000000000000000000,675135.000000000000000000,0.000000000000000000
Macao,0.000000000000000000,0.000000000000000000,0.000000000000000000,0.000000000000000000,0.000000000000000000,0.000000000000000000,0.000000000000000000,0.000000000000000000,0.000000000000000000,0.000000000000000000,0.000000000000000000,0.000000000000000000,0.000000000000000000,0.000000000000000000,0.000000000000000000,0.000000000000000000,713082.000000000000000000,0.000000000000000000
Madagascar,0.000000000000000000,0.000000000000000000,0.000000000000000000,0.000000000000000000,0.000000000000000000,0.000000000000000000,0.000000000000000000,0.000000000000000000,0.000000000000000000,0.000000000000000000,0.000000000000000000,0.000000000000000000,0.000000000000000000,0.000000000000000000,0.000000000000000000,0.000000000000000000,31056610.000000000000000000,0.000000000000000000
Malawi,0.000000000000000000,0.000000000000000000,0.000000000000000000,0.000000000000000000,0.000000000000000000,0.000000000000000000,0.000000000000000000,0.000000000000000000,0.000000000000000000,0.000000000000000000,0.000000000000000000,0.000000000000000000,0.000000000000000000,0.000000000000000000,0.000000000000000000,0.000000000000000000,21475962.000000000000000000,0.000000000000000000
Mali,0.000000000000000000,0.000000000000000000,0.000000000000000000,0.000000000000000000,0.000000000000000000,0.000000000000000000,0.000000000000000000,0.000000000000000000,0.000000000000000000,0.000000000000000000,0.000000000000000000,0.000000000000000000,0.000000000000000000,0.000000000000000000,0.000000000000000000,0.000000000000000000,24015789.000000000000000000,0.000000000000000000
Marshall Islands,0.000000000000000000,0.000000000000000000,0.000000000000000000,0.000000000000000000,0.000000000000000000,0.000000000000000000,0.000000000000000000,0.000000000000000000,0.000000000000000000,0.000000000000000000,0.000000000000000000,0.000000000000000000,0.000000000000000000,0.000000000000000000,0.000000000000000000,0.000000000000000000,42415.000000000000000000,0.000000000000000000
Martinique,0.000000000000000000,0.000000000000000000,0.000000000000000000,0.000000000000000000,0.000000000000000000,0.000000000000000000,0.000000000000000000,0.000000000000000000,0.000000000000000000,0.000000000000000000,0.000000000000000000,0.000000000000000000,0.000000000000000000,0.000000000000000000,0.000000000000000000,0.000000000000000000,349925.000000000000000000,0.000000000000000000
Mauritania,0.000000000000000000,0.000000000000000000,0.000000000000000000,0.000000000000000000,0.000000000000000000,0.000000000000000000,0.000000000000000000,0.000000000000000000,0.000000000000000000,0.000000000000000000,0.000000000000000000,0.000000000000000000,0.000000000000000000,0.000000000000000000,0.000000000000000000,0.000000000000000000,4993922.000000000000000000,0.000000000000000000
Mayotte,0.000000000000000000,0.000000000000000000,0.000000000000000000,0.000000000000000000,0.000000000000000000,0.000000000000000000,0.000000000000000000,0.000000000000000000,0.000000000000000000,0.000000000000000000,0.000000000000000000,0.000000000000000000,0.000000000000000000,0.000000000000000000,0.000000000000000000,0.000000000000000000,320901.000000000000000000,0.000000000000000000
Micronesia,0.000000000000000000,0.000000000000000000,0.000000000000000000,0.000000000000000000,0.000000000000000000,0.000000000000000000,0.000000000000000000,0.000000000000000000,0.000000000000000000,0.000000000000000000,0.000000000000000000,0.000000000000000000,0.000000000000000000,0.000000000000000000,0.000000000000000000,0.000000000000000000,116300.000000000000000000,0.000000000000000000
Monaco,0.000000000000000000,0.000000000000000000,0.000000000000000000,0.000000000000000000,0.000000000000000000,0.000000000000000000,0.000000000000000000,0.000000000000000000,0.000000000000000000,0.000000000000000000,0.000000000000000000,0.000000000000000000,0.000000000000000000,0.000000000000000000,0.000000000000000000,0.000000000000000000,36157.000000000000000000,0.000000000000000000
Mongolia,0.000000000000000000,0.000000000000000000,0.000000000000000000,0.000000000000000000,0.000000000000000000,0.000000000000000000,0.000000000000000000,0.000000000000000000,0.000000000000000000,0.000000000000000000,0.000000000000000000,0.000000000000000000,0.000000000000000000,0.000000000000000000,0.000000000000000000,0.000000000000000000,3493629.000000000000000000,0.000000000000000000
Montenegro,0.000000000000000000,0.000000000000000000,0.000000000000000000,0.000000000000000000,0.000000000000000000,0.000000000000000000,0.000000000000000000,0.000000000000000000,0.000000000000000000,0.000000000000000000,0.000000000000000000,0.000000000000000000,0.000000000000000000,0.000000000000000000,0.000000000000000000,0.000000000000000000,615708.000000000000000000,0.000000000000000000
Montserrat,0.000000000000000000,0.000000000000000000,0.000000000000000000,0.000000000000000000,0.000000000000000000,0.000000000000000000,0.000000000000000000,0.000000000000000000,0.000000000000000000,0.000000000000000000,0.000000000000000000,0.000000000000000000,0.000000000000000000,0.000000000000000000,0.000000000000000000,0.000000000000000000,4390.000000000000000000,0.000000000000000000
Mozambique,0.000000000000000000,0.000000000000000000,0.000000000000000000,0.000000000000000000,0.000000000000000000,0.000000000000000000,0.000000000000000000,0.000000000000000000,0.000000000000000000,0.000000000000000000,0.000000000000000000,0.000000000000000000,0.000000000000000000,0.000000000000000000,0.000000000000000000,0.000000000000000000,34858402.000000000000000000,0.000000000000000000
Namibia,0.000000000000000000,0.000000000000000000,0.000000000000000000,0.000000000000000000,0.000000000000000000,0.000000000000000000,0.000000000000000000,0.000000000000000000,0.000000000000000000,0.000000000000000000,0.000000000000000000,0.000000000000000000,0.000000000000000000,0.000000000000000000,0.000000000000000000,0.000000000000000000,2645805.000000000000000000,0.000000000000000000
Nauru,0.000000000000000000,0.000000000000000000,0.000000000000000000,0.000000000000000000,0.000000000000000000,0.000000000000000000,0.000000000000000000,0.000000000000000000,0.000000000000000000,0.000000000000000000,0.000000000000000000,0.000000000000000000,0.000000000000000000,0.000000000000000000,0.000000000000000000,0.000000000000000000,12884.000000000000000000,0.000000000000000000
New Caledonia,0.000000000000000000,0.000000000000000000,0.000000000000000000,0.000000000000000000,0.000000000000000000,0.000000000000000000,0.000000000000000000,0.000000000000000000,0.000000000000000000,0.000000000000000000,0.000000000000000000,0.000000000000000000,0.000000000000000000,0.000000000000000000,0.000000000000000000,0.000000000000000000,270565.000000000000000000,0.000000000000000000
Libya,0.000000000000000000,0.000000000000000000,0.000000000000000000,0.000000000000000000,0.000000000000000000,0.000000000000000000,0.000000000000000000,0.000000000000000000,0.000000000000000000,0.000000000000000000,0.000000000000000000,0.000000000000000000,0.000000000000000000,0.000000000000000000,0.000000000000000000,0.000000000000000000,6964197.000000000000000000,0.000000000000000000
Albania,0.000000000000000000,0.000000000000000000,0.000000000000000000,0.000000000000000000,0.000000000000000000,0.000000000000000000,0.000000000000000000,0.000000000000000000,0.000000000000000000,0.000000000000000000,0.000000000000000000,0.000000000000000000,0.000000000000000000,0.000000000000000000,0.000000000000000000,0.000000000000000000,2740502.000000000000000000,0.000000000000000000
Lesotho,0.000000000000000000,0.000000000000000000,0.000000000000000000,0.000000000000000000,0.000000000000000000,0.000000000000000000,0.000000000000000000,0.000000000000000000,0.000000000000000000,0.000000000000000000,0.000000000000000000,0.000000000000000000,0.000000000000000000,0.000000000000000000,0.000000000000000000,0.000000000000000000,2356083.000000000000000000,0.000000000000000000
Guinea,0.000000000000000000,0.000000000000000000,0.000000000000000000,0.000000000000000000,0.000000000000000000,0.000000000000000000,0.000000000000000000,0.000000000000000000,0.000000000000000000,0.000000000000000000,0.000000000000000000,0.000000000000000000,0.000000000000000000,0.000000000000000000,0.000000000000000000,0.000000000000000000,14528770.000000000000000000,0.000000000000000000
Gabon,0.000000000000000000,0.000000000000000000,0.000000000000000000,0.000000000000000000,0.000000000000000000,0.000000000000000000,0.000000000000000000,0.000000000000000000,0.000000000000000000,0.000000000000000000,0.000000000000000000,0.000000000000000000,0.000000000000000000,0.000000000000000000,0.000000000000000000,0.000000000000000000,2484557.000000000000000000,0.000000000000000000
Gibraltar,0.000000000000000000,0.000000000000000000,0.000000000000000000,0.000000000000000000,0.000000000000000000,0.000000000000000000,0.000000000000000000,0.000000000000000000,0.000000000000000000,0.000000000000000000,0.000000000000000000,0.000000000000000000,0.000000000000000000,0.000000000000000000,0.000000000000000000,0.000000000000000000,32718.000000000000000000,0.000000000000000000
Greenland,0.000000000000000000,0.000000000000000000,0.000000000000000000,0.000000000000000000,0.000000000000000000,0.000000000000000000,0.000000000000000000,0.000000000000000000,0.000000000000000000,0.000000000000000000,0.000000000000000000,0.000000000000000000,0.000000000000000000,0.000000000000000000,0.000000000000000000,0.000000000000000000,56583.000000000000000000,0.000000000000000000
Grenada,0.000000000000000000,0.000000000000000000,0.000000000000000000,0.000000000000000000,0.000000000000000000,0.000000000000000000,0.000000000000000000,0.000000000000000000,0.000000000000000000,0.000000000000000000,0.000000000000000000,0.000000000000000000,0.000000000000000000,0.000000000000000000,0.000000000000000000,0.000000000000000000,126887.000000000000000000,0.000000000000000000
Guadeloupe,0.000000000000000000,0.000000000000000000,0.000000000000000000,0.000000000000000000,0.000000000000000000,0.000000000000000000,0.000000000000000000,0.000000000000000000,0.000000000000000000,0.000000000000000000,0.000000000000000000,0.000000000000000000,0.000000000000000000,0.000000000000000000,0.000000000000000000,0.000000000000000000,378561.000000000000000000,0.000000000000000000
Guam,0.000000000000000000,0.000000000000000000,0.000000000000000000,0.000000000000000000,0.000000000000000000,0.000000000000000000,0.000000000000000000,0.000000000000000000,0.000000000000000000,0.000000000000000000,0.000000000000000000,0.000000000000000000,0.000000000000000000,0.000000000000000000,0.000000000000000000,0.000000000000000000,174114.000000000000000000,0.000000000000000000
Guatemala,0.000000000000000000,0.000000000000000000,0.000000000000000000,0.000000000000000000,0.000000000000000000,0.000000000000000000,0.000000000000000000,0.000000000000000000,0.000000000000000000,0.000000000000000000,0.000000000000000000,0.000000000000000000,0.000000000000000000,0.000000000000000000,0.000000000000000000,0.000000000000000000,17869564.000000000000000000,0.000000000000000000
Guernsey,0.000000000000000000,0.000000000000000000,0.000000000000000000,0.000000000000000000,0.000000000000000000,0.000000000000000000,0.000000000000000000,0.000000000000000000,0.000000000000000000,0.000000000000000000,0.000000000000000000,0.000000000000000000,0.000000000000000000,0.000000000000000000,0.000000000000000000,0.000000000000000000,63950.000000000000000000,0.000000000000000000
Guinea-Bissau,0.000000000000000000,0.000000000000000000,0.000000000000000000,0.000000000000000000,0.000000000000000000,0.000000000000000000,0.000000000000000000,0.000000000000000000,0.000000000000000000,0.000000000000000000,0.000000000000000000,0.000000000000000000,0.000000000000000000,0.000000000000000000,0.000000000000000000,0.000000000000000000,2197149.000000000000000000,0.000000000000000000
Latvia,0.000000000000000000,0.000000000000000000,0.000000000000000000,0.000000000000000000,0.000000000000000000,0.000000000000000000,0.000000000000000000,0.000000000000000000,0.000000000000000000,0.000000000000000000,0.000000000000000000,0.000000000000000000,0.000000000000000000,0.000000000000000000,0.000000000000000000,0.000000000000000000,1861411.000000000000000000,0.000000000000000000
Heard & McDonald Islands,0.000000000000000000,0.000000000000000000,0.000000000000000000,0.000000000000000000,0.000000000000000000,0.000000000000000000,0.000000000000000000,0.000000000000000000,0.000000000000000000,0.000000000000000000,0.000000000000000000,0.000000000000000000,0.000000000000000000,0.000000000000000000,0.000000000000000000,0.000000000000000000,0.000000000000000000,0.000000000000000000
Honduras,0.000000000000000000,0.000000000000000000,0.000000000000000000,0.000000000000000000,0.000000000000000000,0.000000000000000000,0.000000000000000000,0.000000000000000000,0.000000000000000000,0.000000000000000000,0.000000000000000000,0.000000000000000000,0.000000000000000000,0.000000000000000000,0.000000000000000000,0.000000000000000000,10759406.000000000000000000,0.000000000000000000
Iceland,0.000000000000000000,0.000000000000000000,0.000000000000000000,0.000000000000000000,0.000000000000000000,0.000000000000000000,0.000000000000000000,0.000000000000000000,0.000000000000000000,0.000000000000000000,0.000000000000000000,0.000000000000000000,0.000000000000000000,0.000000000000000000,0.000000000000000000,0.000000000000000000,395990.000000000000000000,0.000000000000000000
Isle of Man,0.000000000000000000,0.000000000000000000,0.000000000000000000,0.000000000000000000,0.000000000000000000,0.000000000000000000,0.000000000000000000,0.000000000000000000,0.000000000000000000,0.000000000000000000,0.000000000000000000,0.000000000000000000,0.000000000000000000,0.000000000000000000,0.000000000000000000,0.000000000000000000,84904.000000000000000000,0.000000000000000000
Jersey,0.000000000000000000,0.000000000000000000,0.000000000000000000,0.000000000000000000,0.000000000000000000,0.000000000000000000,0.000000000000000000,0.000000000000000000,0.000000000000000000,0.000000000000000000,0.000000000000000000,0.000000000000000000,0.000000000000000000,0.000000000000000000,0.000000000000000000,0.000000000000000000,103267.000000000000000000,0.000000000000000000
Kiribati,0.000000000000000000,0.000000000000000000,0.000000000000000000,0.000000000000000000,0.000000000000000000,0.000000000000000000,0.000000000000000000,0.000000000000000000,0.000000000000000000,0.000000000000000000,0.000000000000000000,0.000000000000000000,0.000000000000000000,0.000000000000000000,0.000000000000000000,0.000000000000000000,135763.000000000000000000,0.000000000000000000
Kosovo,0.000000000000000000,0.000000000000000000,0.000000000000000000,0.000000000000000000,0.000000000000000000,0.000000000000000000,0.000000000000000000,0.000000000000000000,0.000000000000000000,0.000000000000000000,0.000000000000000000,0.000000000000000000,0.000000000000000000,0.000000000000000000,0.000000000000000000,0.000000000000000000,1760466.000000000000000000,0.000000000000000000
Laos,0.000000000000000000,0.000000000000000000,0.000000000000000000,0.000000000000000000,0.000000000000000000,0.000000000000000000,0.000000000000000000,0.000000000000000000,0.000000000000000000,0.000000000000000000,0.000000000000000000,0.000000000000000000,0.000000000000000000,0.000000000000000000,0.000000000000000000,0.000000000000000000,7736681.000000000000000000,0.000000000000000000
Ãland Islands,0.000000000000000000,0.000000000000000000,0.000000000000000000,0.000000000000000000,0.000000000000000000,0.000000000000000000,0.000000000000000000,0.000000000000000000,0.000000000000000000,0.000000000000000000,0.000000000000000000,0.000000000000000000,0.000000000000000000,0.000000000000000000,0.000000000000000000,0.000000000000000000,30129.000000000000000000,0.000000000000000000
